ID,Type,State,EstimatedEffort,CreatedDate,StartDate,ClosedDate,FeatureID,SprintNumberCreated,SprintNumberStarted,SprintNumberClosed,DayInSprintClosed,WeekCreated,WeekStarted,WeekClosed,MonthCreated,MonthStarted,MonthClosed,YearClosed,FeatureExists,LeadSprints,CycleSprints,LeadDays,CycleDays,LeadWeeks,CycleWeeks,LeadMonths,CycleMonths,CycleEfficiencyDays
33476,Story,Done,2,2021-12-22,2022-01-19,2022-03-04,32659,1,3,6,3,52,4,10,12,1,3,2022,1,5,3,72,44,10,6,2,1,61%
33484,Story,Done,0,2021-12-22,,2022-01-05,32350,1,-1,2,1,52,-1,2,12,-1,1,2022,1,1,-1,14,-1,2,-1,0,-1,-100%
33491,Bug,Done,1,2021-12-22,2022-01-19,2022-02-14,33008,1,3,4,13,52,4,8,12,1,2,2022,1,3,1,54,26,7,3,2,1,48%
33505,Story,Done,1,2021-12-22,2022-06-22,2022-08-24,32953,1,14,18,8,52,26,35,12,6,8,2022,1,17,4,245,63,35,9,8,2,26%
33513,Bug,Done,0,2021-12-23,2021-12-31,2021-12-31,33010,1,1,1,10,52,53,53,12,12,12,2021,1,0,0,8,0,1,0,0,0,-100%
33524,Bug,Done,0,2021-12-23,2021-12-23,2021-12-23,32350,1,1,1,2,52,52,52,12,12,12,2021,1,0,0,0,0,0,0,0,0,-100%
33537,Story,Done,5,2021-12-23,2022-01-11,2022-03-07,27004,1,2,6,6,52,3,11,12,1,3,2022,1,5,4,74,55,10,7,2,2,74%
33542,Story,Done,2,2021-12-23,2022-07-06,2022-09-29,27004,1,15,21,2,52,28,40,12,7,9,2022,1,20,6,280,85,40,12,9,3,30%
33546,Bug,Done,0,2021-12-24,2022-05-25,2022-05-27,35625,1,12,12,3,52,22,22,12,5,5,2022,1,11,0,154,2,22,0,5,0,1%
33562,Bug,Done,0,2021-12-27,2022-01-04,2022-02-25,33008,1,1,5,10,53,2,9,12,1,2,2022,1,4,4,60,52,8,7,2,2,87%
33563,Bug,Done,0,2021-12-27,2021-12-30,2022-02-25,33008,1,1,5,10,53,53,9,12,12,2,2022,1,4,4,60,57,8,8,2,2,95%
33564,Bug,Done,0,2021-12-27,2021-12-30,2022-02-25,33009,1,1,5,10,53,53,9,12,12,2,2022,1,4,4,60,57,8,8,2,2,95%
33565,Bug,Done,1,2021-12-27,2022-02-09,2022-02-10,33013,1,4,4,9,53,7,7,12,2,2,2022,1,3,0,45,1,6,0,1,0,2%
33571,Bug,Done,0,2021-12-27,2021-12-30,2022-01-10,33010,1,1,2,6,53,53,3,12,12,1,2022,1,1,1,14,11,2,1,0,0,79%
33572,Bug,Done,0,2021-12-27,2022-01-20,2022-03-10,33010,1,3,6,9,53,4,11,12,1,3,2022,1,5,3,73,49,10,7,2,2,67%
33573,Bug,Done,0,2021-12-27,2022-01-20,2022-03-10,33008,1,3,6,9,53,4,11,12,1,3,2022,1,5,3,73,49,10,7,2,2,67%
33575,Bug,Approved,0,2021-12-28,,,0,1,-1,-1,-1,53,-1,-1,12,-1,-1,-1,0,-1,-1,-1,-1,-1,-1,-1,-1,-100%
33595,Bug,Done,1,2021-12-31,,2022-12-02,39337,1,-1,25,10,53,-1,49,12,-1,12,2022,1,24,-1,336,-1,48,-1,11,-1,-100%
33598,Bug,Done,1,2021-12-31,2022-02-02,2022-02-03,33013,1,4,4,2,53,6,6,12,2,2,2022,1,3,0,34,1,4,0,1,0,3%
33639,Bug,Done,1,2022-01-04,2022-01-20,2022-02-23,33646,1,3,5,8,2,4,9,1,1,2,2022,1,4,2,50,34,7,4,2,1,68%
33640,Bug,Done,0,2022-01-04,2022-01-04,2022-01-25,33013,1,1,3,7,2,2,5,1,1,1,2022,1,2,2,21,21,3,3,1,1,100%
33645,Bug,Done,0,2022-01-04,2022-01-17,2022-01-19,33010,1,2,3,1,2,4,4,1,1,1,2022,1,2,1,15,2,2,0,0,0,13%
33647,Bug,Done,1,2022-01-04,2022-01-19,2022-01-27,33012,1,3,3,9,2,4,5,1,1,1,2022,1,2,0,23,8,3,1,1,0,35%
33652,Bug,Done,0,2022-01-05,2022-01-05,2022-01-19,33013,2,2,3,1,2,2,4,1,1,1,2022,1,1,1,14,14,2,2,0,0,100%
33654,Story,Done,0,2022-01-05,2022-01-10,2022-01-19,32350,2,2,3,1,2,3,4,1,1,1,2022,1,1,1,14,9,2,1,0,0,64%
33660,Story,Done,0,2022-01-05,2022-05-03,2022-09-22,35630,2,10,20,9,2,19,39,1,5,9,2022,1,18,10,260,142,37,20,9,5,55%
33664,Story,Done,0,2022-01-06,2022-01-06,2022-01-19,32995,2,2,3,1,2,2,4,1,1,1,2022,1,1,1,13,13,1,1,0,0,100%
33673,Story,Done,0,2022-01-07,2022-01-07,2022-01-19,32350,2,2,3,1,2,2,4,1,1,1,2022,1,1,1,12,12,1,1,0,0,100%
33676,Story,Done,3,2022-01-10,2022-01-19,2022-03-10,33011,2,3,6,9,3,4,11,1,1,3,2022,1,4,3,59,50,8,7,2,2,85%
33690,Bug,Done,1,2022-01-11,2022-01-11,2022-01-17,33013,2,2,2,13,3,3,4,1,1,1,2022,1,0,0,6,6,0,0,0,0,100%
33693,Story,Done,8,2022-01-11,2022-01-19,2022-03-03,31748,2,3,6,2,3,4,10,1,1,3,2022,1,4,3,51,43,7,6,2,1,84%
33695,Story,Done,5,2022-01-11,2022-01-19,2022-03-03,31748,2,3,6,2,3,4,10,1,1,3,2022,1,4,3,51,43,7,6,2,1,84%
33696,Story,Done,2,2022-01-11,2022-01-19,2022-03-08,31748,2,3,6,7,3,4,11,1,1,3,2022,1,4,3,56,48,8,6,2,2,86%
33697,Story,Done,2,2022-01-11,2022-02-16,2022-03-03,31748,2,5,6,2,3,8,10,1,2,3,2022,1,4,1,51,15,7,2,2,0,29%
33698,Story,Done,4,2022-01-11,2022-02-16,2022-03-03,31748,2,5,6,2,3,8,10,1,2,3,2022,1,4,1,51,15,7,2,2,0,29%
33699,Story,Done,1,2022-01-11,2022-02-16,2022-03-08,31748,2,5,6,7,3,8,11,1,2,3,2022,1,4,1,56,20,8,2,2,1,36%
33700,Story,Done,1,2022-01-11,2022-02-16,2022-03-03,31748,2,5,6,2,3,8,10,1,2,3,2022,1,4,1,51,15,7,2,2,0,29%
33701,Story,Done,1,2022-01-11,2022-02-16,2022-03-03,31748,2,5,6,2,3,8,10,1,2,3,2022,1,4,1,51,15,7,2,2,0,29%
33702,Story,Done,5,2022-01-11,2022-02-16,2022-03-08,31748,2,5,6,7,3,8,11,1,2,3,2022,1,4,1,56,20,8,2,2,1,36%
33732,Bug,Done,0,2022-01-12,2022-01-12,2022-01-17,32350,2,2,2,13,3,3,4,1,1,1,2022,1,0,0,5,5,0,0,0,0,100%
33744,Bug,Done,1,2022-01-13,2022-01-19,2022-01-28,33008,2,3,3,10,3,4,5,1,1,1,2022,1,1,0,15,9,2,1,0,0,60%
33762,Bug,Done,1,2022-01-14,2022-03-14,2022-03-18,33709,2,6,7,3,3,12,12,1,3,3,2022,1,5,1,63,4,9,0,2,0,6%
33778,Story,Done,5,2022-01-17,2022-05-25,2022-07-04,32953,2,12,14,13,4,22,28,1,5,7,2022,1,12,2,168,40,24,5,6,1,24%
33780,Story,Done,0,2022-01-17,2022-01-17,2022-01-18,32350,2,2,2,14,4,4,4,1,1,1,2022,1,0,0,1,1,0,0,0,0,100%
33781,Story,Done,0,2022-01-17,2022-01-17,2022-01-18,32350,2,2,2,14,4,4,4,1,1,1,2022,1,0,0,1,1,0,0,0,0,100%
33782,Story,Done,0,2022-01-17,2022-01-19,2022-02-03,32350,2,3,4,2,4,4,6,1,1,2,2022,1,2,1,17,15,2,2,1,0,88%
33783,Story,Done,0,2022-01-17,2022-01-19,2022-02-03,32350,2,3,4,2,4,4,6,1,1,2,2022,1,2,1,17,15,2,2,1,0,88%
33784,Bug,Done,0,2022-01-17,2022-04-19,2022-05-17,33709,2,9,11,7,4,17,21,1,4,5,2022,1,9,2,120,28,17,4,4,1,23%
33785,Story,Done,2,2022-01-17,2022-06-08,2022-06-20,5221,2,13,13,13,4,24,26,1,6,6,2022,1,11,0,154,12,22,1,5,0,8%
33786,Story,Done,2,2022-01-17,2022-04-12,2022-05-09,35716,2,8,10,13,4,16,20,1,4,5,2022,1,8,2,112,27,16,3,4,1,24%
33787,Story,Done,2,2022-01-17,2022-06-08,2022-07-01,9823,2,13,14,10,4,24,27,1,6,7,2022,1,12,1,165,23,23,3,5,1,14%
33788,Story,Done,2,2022-01-17,2022-05-25,2022-06-22,5212,2,12,14,1,4,22,26,1,5,6,2022,1,12,2,156,28,22,4,5,1,18%
33790,Bug,Done,0,2022-01-17,2022-01-20,2022-02-25,33008,2,3,5,10,4,4,9,1,1,2,2022,1,3,2,39,36,5,5,1,1,92%
33793,Story,Done,4,2022-01-17,2022-03-02,2022-03-02,32659,2,6,6,1,4,10,10,1,3,3,2022,1,4,0,44,0,6,0,1,0,-100%
33815,Bug,Done,1,2022-01-18,2022-02-09,2022-02-21,33013,2,4,5,6,4,7,9,1,2,2,2022,1,3,1,34,12,4,1,1,0,35%
33817,Bug,Done,1,2022-01-18,2022-01-19,2022-02-28,33008,2,3,5,13,4,4,10,1,1,2,2022,1,3,2,41,40,5,5,1,1,98%
33823,Bug,Approved,0,2022-01-18,,,28004,2,-1,-1,-1,4,-1,-1,1,-1,-1,-1,1,-1,-1,-1,-1,-1,-1,-1,-1,-100%
33831,Bug,Done,0,2022-01-19,2022-01-19,2022-02-04,33008,3,3,4,3,4,4,6,1,1,2,2022,1,1,1,16,16,2,2,1,1,100%
33865,Story,Done,0,2022-01-19,2022-01-31,2022-02-02,32350,3,3,4,1,4,6,6,1,1,2,2022,1,1,1,14,2,2,0,0,0,14%
33866,Story,Done,0,2022-01-19,2022-01-19,2022-02-02,32350,3,3,4,1,4,4,6,1,1,2,2022,1,1,1,14,14,2,2,0,0,100%
33869,Story,Done,0,2022-01-19,2022-01-19,2022-02-02,32995,3,3,4,1,4,4,6,1,1,2,2022,1,1,1,14,14,2,2,0,0,100%
33879,Bug,Done,1,2022-01-19,2022-12-02,2022-12-19,39332,3,25,26,13,4,49,52,1,12,12,2022,1,23,1,334,17,47,2,11,1,5%
33913,Bug,Approved,1,2022-01-20,,,0,3,-1,-1,-1,4,-1,-1,1,-1,-1,-1,0,-1,-1,-1,-1,-1,-1,-1,-1,-100%
33918,Bug,Done,0,2022-01-20,2022-02-16,2022-03-10,33007,3,5,6,9,4,8,11,1,2,3,2022,1,3,1,49,22,7,3,2,1,45%
33919,Bug,Done,1,2022-01-20,2022-07-19,2022-07-27,35628,3,15,16,8,4,30,31,1,7,7,2022,1,13,1,188,8,26,1,6,0,4%
33933,Story,Done,2,2022-01-21,2022-01-21,2022-05-20,32646,3,3,11,10,4,4,21,1,1,5,2022,1,8,8,119,119,17,17,4,4,100%
33971,Bug,Done,0,2022-01-24,2022-05-11,2022-05-20,33710,3,11,11,10,5,20,21,1,5,5,2022,1,8,0,116,9,16,1,4,0,8%
33976,Bug,Done,0,2022-01-25,2022-05-11,2022-05-20,33710,3,11,11,10,5,20,21,1,5,5,2022,1,8,0,115,9,16,1,4,0,8%
33977,Bug,Done,0,2022-01-25,2022-04-11,2022-05-18,33710,3,8,11,8,5,16,21,1,4,5,2022,1,8,3,113,37,16,5,4,1,33%
33989,Bug,Approved,1,2022-01-25,,,28003,3,-1,-1,-1,5,-1,-1,1,-1,-1,-1,1,-1,-1,-1,-1,-1,-1,-1,-1,-100%
34012,Bug,Approved,0,2022-01-26,,,0,3,-1,-1,-1,5,-1,-1,1,-1,-1,-1,0,-1,-1,-1,-1,-1,-1,-1,-1,-100%
34016,Bug,Done,1,2022-01-26,2022-01-27,2022-02-04,33012,3,3,4,3,5,5,6,1,1,2,2022,1,1,1,9,8,1,1,0,0,89%
34022,Bug,Done,0,2022-01-27,2022-01-27,2022-01-27,33008,3,3,3,9,5,5,5,1,1,1,2022,1,0,0,0,0,0,0,0,0,-100%
34039,Bug,Done,0,2022-01-27,2022-12-19,2022-12-20,39338,3,26,26,14,5,52,52,1,12,12,2022,1,23,0,327,1,46,0,11,0,0%
34043,Story,Done,5,2022-01-27,2022-10-05,2022-10-05,32953,3,21,21,8,5,41,41,1,10,10,2022,1,18,0,251,0,35,0,8,0,-100%
34045,Story,Done,3,2022-01-27,2022-03-02,2022-03-11,32659,3,6,6,10,5,10,11,1,3,3,2022,1,3,0,43,9,6,1,1,0,21%
34056,Bug,Done,1,2022-01-28,2022-01-28,2022-02-02,33013,3,3,4,1,5,5,6,1,1,2,2022,1,1,1,5,5,0,0,0,0,100%
34060,Bug,Done,1,2022-01-28,2022-02-02,2022-02-07,33012,3,4,4,6,5,6,7,1,2,2,2022,1,1,0,10,5,1,0,0,0,50%
34076,Bug,Done,1,2022-01-31,2022-02-02,2022-02-11,33012,3,4,4,10,6,6,7,1,2,2,2022,1,1,0,11,9,1,1,0,0,82%
34077,Bug,Done,1,2022-01-31,2022-01-31,2022-02-07,33013,3,3,4,6,6,6,7,1,1,2,2022,1,1,1,7,7,1,1,0,0,100%
34079,Bug,Done,1,2022-01-31,2022-09-23,2022-09-27,35628,3,20,20,14,6,39,40,1,9,9,2022,1,17,0,239,4,34,0,8,0,2%
34082,Bug,Done,1,2022-01-31,2022-02-09,2022-02-11,33013,3,4,4,10,6,7,7,1,2,2,2022,1,1,0,11,2,1,0,0,0,18%
34084,Bug,Done,1,2022-02-01,2022-02-07,2022-02-14,33013,3,4,4,13,6,7,8,2,2,2,2022,1,1,0,13,7,1,1,0,0,54%
34088,Story,Done,0,2022-02-01,2022-03-22,2022-05-03,32893,3,7,10,7,6,13,19,2,3,5,2022,1,7,3,91,42,13,6,3,1,46%
34089,Bug,Done,1,2022-02-01,2022-07-21,2022-09-12,35628,3,16,19,13,6,30,38,2,7,9,2022,1,16,3,223,53,31,7,7,2,24%
34090,Story,Done,0,2022-02-02,2022-02-02,2022-02-16,32995,4,4,5,1,6,6,8,2,2,2,2022,1,1,1,14,14,2,2,0,0,100%
34091,Story,Done,0,2022-02-02,2022-02-02,2022-02-16,32350,4,4,5,1,6,6,8,2,2,2,2022,1,1,1,14,14,2,2,0,0,100%
34092,Story,Done,0,2022-02-02,2022-02-02,2022-02-16,32350,4,4,5,1,6,6,8,2,2,2,2022,1,1,1,14,14,2,2,0,0,100%
34119,Bug,Done,0,2022-02-02,2022-02-07,2022-02-09,32350,4,4,4,8,6,7,7,2,2,2,2022,1,0,0,7,2,1,0,0,0,29%
34121,Bug,Done,1,2022-02-03,2022-02-04,2022-02-16,33013,4,4,5,1,6,6,8,2,2,2,2022,1,1,1,13,12,1,1,0,0,92%
34122,Bug,Done,0,2022-02-03,2022-02-03,2022-02-07,32350,4,4,4,6,6,6,7,2,2,2,2022,1,0,0,4,4,0,0,0,0,100%
34125,Story,Done,0,2022-02-03,2022-02-03,2022-02-17,32350,4,4,5,2,6,6,8,2,2,2,2022,1,1,1,14,14,2,2,0,0,100%
34126,Story,Done,0,2022-02-03,2022-02-03,2022-02-17,32350,4,4,5,2,6,6,8,2,2,2,2022,1,1,1,14,14,2,2,0,0,100%
34127,Bug,Approved,1,2022-02-03,,,0,4,-1,-1,-1,6,-1,-1,2,-1,-1,-1,0,-1,-1,-1,-1,-1,-1,-1,-1,-100%
34141,Story,Done,0,2022-02-04,2022-02-16,2022-03-01,32350,4,5,5,14,6,8,10,2,2,3,2022,1,1,0,25,13,3,1,1,0,52%
34142,Story,Done,0,2022-02-04,2022-02-16,2022-03-01,32350,4,5,5,14,6,8,10,2,2,3,2022,1,1,0,25,13,3,1,1,0,52%
34151,Bug,Done,0,2022-02-05,2022-05-26,2022-07-07,35623,4,12,15,2,6,22,28,2,5,7,2022,1,11,3,152,42,21,6,5,1,28%
34153,Bug,Done,1,2022-02-07,2022-06-30,2022-07-27,35622,4,14,16,8,7,27,31,2,6,7,2022,1,12,2,170,27,24,3,6,1,16%
34157,Story,Done,2,2022-02-07,2022-02-16,2022-02-25,33008,4,5,5,10,7,8,9,2,2,2,2022,1,1,0,18,9,2,1,1,0,50%
34161,Bug,Done,1,2022-02-07,2022-03-03,2022-03-10,33012,4,6,6,9,7,10,11,2,3,3,2022,1,2,0,31,7,4,1,1,0,23%
34163,Bug,Done,0,2022-02-07,2022-03-24,2022-04-14,0,4,7,9,2,7,13,16,2,3,4,2022,0,5,2,66,21,9,3,2,1,32%
34210,Bug,Done,0,2022-02-09,2022-09-06,2022-09-14,35626,4,19,20,1,7,37,38,2,9,9,2022,1,16,1,217,8,31,1,7,0,4%
34212,Bug,Done,0,2022-02-09,,2022-02-11,32350,4,-1,4,10,7,-1,7,2,-1,2,2022,1,0,-1,2,-1,0,-1,0,-1,-100%
34224,Story,Done,0,2022-02-10,2022-02-10,2022-02-18,32350,4,4,5,3,7,7,8,2,2,2,2022,1,1,1,8,8,1,1,0,0,100%
34251,Bug,Done,1,2022-02-14,2022-03-04,2022-03-11,33012,4,6,6,10,8,10,11,2,3,3,2022,1,2,0,25,7,3,1,1,0,28%
34280,Story,Done,0,2022-02-16,2022-02-16,2022-03-02,32350,5,5,6,1,8,8,10,2,2,3,2022,1,1,1,14,14,2,2,0,0,100%
34283,Story,Done,0,2022-02-16,2022-02-16,2022-03-02,32995,5,5,6,1,8,8,10,2,2,3,2022,1,1,1,14,14,2,2,0,0,100%
34284,Story,Done,0,2022-02-16,2022-02-16,2022-03-02,32350,5,5,6,1,8,8,10,2,2,3,2022,1,1,1,14,14,2,2,0,0,100%
34379,Bug,Done,1,2022-02-17,2022-03-02,2022-03-08,33007,5,6,6,7,8,10,11,2,3,3,2022,1,1,0,19,6,2,0,1,0,32%
34383,Bug,Done,1,2022-02-17,2022-03-02,2022-03-09,33007,5,6,6,8,8,10,11,2,3,3,2022,1,1,0,20,7,2,1,1,0,35%
34386,Bug,Done,1,2022-02-17,2022-03-08,2022-03-11,33012,5,6,6,10,8,11,11,2,3,3,2022,1,1,0,22,3,3,0,1,0,14%
34388,Bug,Done,1,2022-02-18,2022-02-18,2022-02-23,33007,5,5,5,8,8,8,9,2,2,2,2022,1,0,0,5,5,0,0,0,0,100%
34392,Bug,Done,0,2022-02-18,2022-02-18,2022-03-01,33007,5,5,5,14,8,8,10,2,2,3,2022,1,0,0,11,11,1,1,0,0,100%
34397,Bug,Done,1,2022-02-18,2022-08-31,2022-09-02,35622,5,19,19,3,8,36,36,2,8,9,2022,1,14,0,196,2,28,0,6,0,1%
34400,Bug,Done,1,2022-02-18,2022-03-03,2022-03-09,33013,5,6,6,8,8,10,11,2,3,3,2022,1,1,0,19,6,2,0,1,0,32%
34405,Bug,Done,1,2022-02-21,2022-02-21,2022-02-22,33008,5,5,5,7,9,9,9,2,2,2,2022,1,0,0,1,1,0,0,0,0,100%
34409,Story,Done,0,2022-02-21,,2022-05-23,35631,5,-1,11,13,9,-1,22,2,-1,5,2022,1,6,-1,91,-1,13,-1,3,-1,-100%
34412,Bug,Done,0,2022-02-22,2022-02-24,2022-02-24,32350,5,5,5,9,9,9,9,2,2,2,2022,1,0,0,2,0,0,0,0,0,-100%
34419,Bug,Done,0,2022-02-22,2022-02-22,2022-03-08,33008,5,5,6,7,9,9,11,2,2,3,2022,1,1,1,14,14,2,2,0,0,100%
34420,Bug,Done,0,2022-02-22,2022-02-22,2022-03-08,33008,5,5,6,7,9,9,11,2,2,3,2022,1,1,1,14,14,2,2,0,0,100%
34421,Bug,Done,0,2022-02-22,2022-02-22,2022-03-08,33008,5,5,6,7,9,9,11,2,2,3,2022,1,1,1,14,14,2,2,0,0,100%
34422,Bug,Done,0,2022-02-22,2022-02-22,2022-03-08,33008,5,5,6,7,9,9,11,2,2,3,2022,1,1,1,14,14,2,2,0,0,100%
34423,Bug,Done,0,2022-02-22,2022-02-22,2022-03-08,33008,5,5,6,7,9,9,11,2,2,3,2022,1,1,1,14,14,2,2,0,0,100%
34424,Bug,Done,0,2022-02-22,2022-02-22,2022-03-08,33008,5,5,6,7,9,9,11,2,2,3,2022,1,1,1,14,14,2,2,0,0,100%
34425,Bug,Done,0,2022-02-22,2022-02-22,2022-03-11,33008,5,5,6,10,9,9,11,2,2,3,2022,1,1,1,17,17,2,2,1,1,100%
34426,Bug,Done,0,2022-02-22,2022-02-22,2022-03-08,33008,5,5,6,7,9,9,11,2,2,3,2022,1,1,1,14,14,2,2,0,0,100%
34436,Bug,Done,0,2022-02-22,2022-03-02,2022-03-04,33008,5,6,6,3,9,10,10,2,3,3,2022,1,1,0,10,2,1,0,0,0,20%
34438,Bug,Done,0,2022-02-22,2022-02-22,2022-03-08,33008,5,5,6,7,9,9,11,2,2,3,2022,1,1,1,14,14,2,2,0,0,100%
34443,Bug,Done,0,2022-02-22,2022-03-17,2022-04-18,33709,5,7,9,6,9,12,17,2,3,4,2022,1,4,2,55,32,7,4,2,1,58%
34444,Bug,Done,1,2022-02-22,2022-03-04,2022-03-15,33715,5,6,6,14,9,10,12,2,3,3,2022,1,1,0,21,11,3,1,1,0,52%
34445,Bug,Done,1,2022-02-22,2022-03-16,2022-05-24,33710,5,7,11,14,9,12,22,2,3,5,2022,1,6,4,91,69,13,9,3,2,76%
34476,Bug,Done,0,2022-02-24,2022-03-02,2022-03-04,33008,5,6,6,3,9,10,10,2,3,3,2022,1,1,0,8,2,1,0,0,0,25%
34478,Bug,Done,1,2022-02-24,,2022-06-22,28003,5,-1,14,1,9,-1,26,2,-1,6,2022,1,9,-1,118,-1,16,-1,4,-1,-100%
34488,Bug,Done,0,2022-02-24,2022-03-02,2022-03-11,33008,5,6,6,10,9,10,11,2,3,3,2022,1,1,0,15,9,2,1,0,0,60%
34490,Bug,Done,0,2022-02-24,2022-03-02,2022-03-11,33008,5,6,6,10,9,10,11,2,3,3,2022,1,1,0,15,9,2,1,0,0,60%
34499,Bug,Done,0,2022-02-24,2022-03-02,2022-03-11,33008,5,6,6,10,9,10,11,2,3,3,2022,1,1,0,15,9,2,1,0,0,60%
34503,Bug,Done,0,2022-02-25,2022-05-11,2022-05-20,33710,5,11,11,10,9,20,21,2,5,5,2022,1,6,0,84,9,12,1,3,0,11%
34508,Bug,Done,0,2022-02-25,2022-03-02,2022-03-11,33010,5,6,6,10,9,10,11,2,3,3,2022,1,1,0,14,9,2,1,0,0,64%
34521,Story,Done,0,2022-02-28,2022-04-05,2022-05-06,33796,5,8,10,10,10,15,19,2,4,5,2022,1,5,2,67,31,9,4,2,1,46%
34530,Bug,Done,1,2022-03-01,2022-03-01,2022-03-10,33012,5,5,6,9,10,10,11,3,3,3,2022,1,1,1,9,9,1,1,0,0,100%
34550,Bug,Done,0,2022-03-01,2022-03-17,2022-04-25,33709,5,7,9,13,10,12,18,3,3,4,2022,1,4,2,55,39,7,5,2,1,71%
34554,Story,Done,25,2022-03-01,2022-03-01,2022-03-11,33116,5,5,6,10,10,10,11,3,3,3,2022,1,1,1,10,10,1,1,0,0,100%
34558,Story,Done,0,2022-03-01,2022-03-08,2022-03-18,33012,5,6,7,3,10,11,12,3,3,3,2022,1,2,1,17,10,2,1,1,0,59%
34560,Story,Done,0,2022-03-01,2022-03-08,2022-03-14,32350,5,6,6,13,10,11,12,3,3,3,2022,1,1,0,13,6,1,0,0,0,46%
34561,Story,Done,0,2022-03-01,2022-03-08,2022-03-14,32350,5,6,6,13,10,11,12,3,3,3,2022,1,1,0,13,6,1,0,0,0,46%
34562,Story,Done,0,2022-03-01,2022-03-08,2022-03-14,32350,5,6,6,13,10,11,12,3,3,3,2022,1,1,0,13,6,1,0,0,0,46%
34563,Story,Done,0,2022-03-01,2022-03-08,2022-03-16,32995,5,6,7,1,10,11,12,3,3,3,2022,1,2,1,15,8,2,1,0,0,53%
34564,Story,Done,0,2022-03-01,2022-03-08,2022-03-16,32350,5,6,7,1,10,11,12,3,3,3,2022,1,2,1,15,8,2,1,0,0,53%
34637,Bug,Done,0,2022-03-03,2022-05-11,2022-05-18,33710,6,11,11,8,10,20,21,3,5,5,2022,1,5,0,76,7,10,1,2,0,9%
34638,Bug,Done,0,2022-03-03,2022-03-03,2022-03-07,33008,6,6,6,6,10,10,11,3,3,3,2022,1,0,0,4,4,0,0,0,0,100%
34642,Bug,Done,0,2022-03-03,2022-05-25,2022-05-31,35625,6,12,12,7,10,22,23,3,5,5,2022,1,6,0,89,6,12,0,3,0,7%
34687,Story,Done,2,2022-03-03,2022-03-30,2022-06-17,32953,6,8,13,10,10,14,25,3,3,6,2022,1,7,5,106,79,15,11,3,3,75%
34712,Story,Done,0,2022-03-04,2022-04-25,2022-06-10,35630,6,9,13,3,10,18,24,3,4,6,2022,1,7,4,98,46,14,6,3,2,47%
34713,Story,Done,1,2022-03-04,2022-03-04,2022-03-11,32995,6,6,6,10,10,10,11,3,3,3,2022,1,0,0,7,7,1,1,0,0,100%
34714,Bug,Done,0,2022-03-04,2022-03-07,2022-03-09,33007,6,6,6,8,10,11,11,3,3,3,2022,1,0,0,5,2,0,0,0,0,40%
34731,Bug,Done,0,2022-03-07,2022-03-07,2022-03-11,33008,6,6,6,10,11,11,11,3,3,3,2022,1,0,0,4,4,0,0,0,0,100%
34742,Bug,Done,0,2022-03-08,2022-03-08,2022-03-09,33010,6,6,6,8,11,11,11,3,3,3,2022,1,0,0,1,1,0,0,0,0,100%
34758,Story,Done,1,2022-03-08,2022-05-25,2022-06-20,5212,6,12,13,13,11,22,26,3,5,6,2022,1,7,1,104,26,14,3,3,1,25%
34761,Bug,Done,0,2022-03-08,2022-04-27,2022-04-27,33709,6,10,10,1,11,18,18,3,4,4,2022,1,4,0,50,0,7,0,2,0,-100%
34764,Bug,Done,0,2022-03-08,2022-03-08,2022-03-10,33008,6,6,6,9,11,11,11,3,3,3,2022,1,0,0,2,2,0,0,0,0,100%
34766,Bug,Done,1,2022-03-08,,2022-08-22,35622,6,-1,18,6,11,-1,35,3,-1,8,2022,1,12,-1,167,-1,23,-1,5,-1,-100%
34774,Bug,Done,0,2022-03-09,2022-03-09,2022-03-11,33007,6,6,6,10,11,11,11,3,3,3,2022,1,0,0,2,2,0,0,0,0,100%
34784,Bug,Done,0,2022-03-09,2022-03-09,2022-03-11,33012,6,6,6,10,11,11,11,3,3,3,2022,1,0,0,2,2,0,0,0,0,100%
34795,Bug,Done,1,2022-03-09,2022-03-16,2022-03-30,33716,6,7,8,1,11,12,14,3,3,3,2022,1,2,1,21,14,3,2,1,0,67%
34802,Bug,Done,0,2022-03-10,2022-03-10,2022-03-11,33007,6,6,6,10,11,11,11,3,3,3,2022,1,0,0,1,1,0,0,0,0,100%
34804,Bug,Done,1,2022-03-10,,2022-08-19,35622,6,-1,18,3,11,-1,34,3,-1,8,2022,1,12,-1,162,-1,23,-1,5,-1,-100%
34809,Bug,Done,0,2022-03-10,2022-03-10,2022-04-29,35716,6,6,10,3,11,11,18,3,3,4,2022,1,4,4,50,50,7,7,2,2,100%
34817,Story,Done,8,2022-03-10,2022-04-01,2022-05-20,32667,6,8,11,10,11,14,21,3,4,5,2022,1,5,3,71,49,10,7,2,2,69%
34819,Story,Done,5,2022-03-10,2022-03-17,2022-05-20,32667,6,7,11,10,11,12,21,3,3,5,2022,1,5,4,71,64,10,9,2,2,90%
34820,Bug,Done,1,2022-03-10,2022-03-16,2022-03-25,33716,6,7,7,10,11,12,13,3,3,3,2022,1,1,0,15,9,2,1,0,0,60%
34828,Bug,Done,1,2022-03-11,2022-03-11,2022-03-11,33008,6,6,6,10,11,11,11,3,3,3,2022,1,0,0,0,0,0,0,0,0,-100%
34829,Bug,Done,1,2022-03-11,2022-03-30,2022-05-09,33716,6,8,10,13,11,14,20,3,3,5,2022,1,4,2,59,40,8,5,2,1,68%
34842,Bug,Done,0,2022-03-14,2022-03-14,2022-03-16,33710,6,6,7,1,12,12,12,3,3,3,2022,1,1,1,2,2,0,0,0,0,100%
34844,Story,Done,0,2022-03-14,2022-03-17,2022-03-29,33796,6,7,7,14,12,12,14,3,3,3,2022,1,1,0,15,12,2,1,0,0,80%
34845,Story,Done,0,2022-03-14,2022-03-17,2022-03-29,33796,6,7,7,14,12,12,14,3,3,3,2022,1,1,0,15,12,2,1,0,0,80%
34846,Story,Done,0,2022-03-14,,2022-03-30,33796,6,-1,8,1,12,-1,14,3,-1,3,2022,1,2,-1,16,-1,2,-1,1,-1,-100%
34850,Bug,Done,1,2022-03-14,2022-03-15,2022-05-06,33709,6,6,10,10,12,12,19,3,3,5,2022,1,4,4,53,52,7,7,2,2,98%
34854,Story,Done,0,2022-03-15,,2022-03-30,33796,6,-1,8,1,12,-1,14,3,-1,3,2022,1,2,-1,15,-1,2,-1,0,-1,-100%
34861,Bug,Done,0,2022-03-15,2022-03-17,2022-03-22,33710,6,7,7,7,12,12,13,3,3,3,2022,1,1,0,7,5,1,0,0,0,71%
34862,Story,Done,4,2022-03-15,2022-03-17,2022-03-29,32940,6,7,7,14,12,12,14,3,3,3,2022,1,1,0,14,12,2,1,0,0,86%
34865,Story,Done,6,2022-03-15,2022-03-17,2022-05-19,32940,6,7,11,9,12,12,21,3,3,5,2022,1,5,4,65,63,9,9,2,2,97%
34866,Story,Done,5,2022-03-15,2022-03-30,2022-05-20,32940,6,8,11,10,12,14,21,3,3,5,2022,1,5,3,66,51,9,7,2,2,77%
34867,Story,Done,5,2022-03-15,2022-03-30,2022-05-20,32940,6,8,11,10,12,14,21,3,3,5,2022,1,5,3,66,51,9,7,2,2,77%
34868,Story,Done,5,2022-03-15,2022-03-30,2022-05-20,32940,6,8,11,10,12,14,21,3,3,5,2022,1,5,3,66,51,9,7,2,2,77%
34871,Story,Done,8,2022-03-15,2022-03-16,2022-04-07,34320,6,7,8,9,12,12,15,3,3,4,2022,1,2,1,23,22,3,3,1,1,96%
34872,Bug,Done,0,2022-03-16,2022-03-16,2022-03-16,33008,7,7,7,1,12,12,12,3,3,3,2022,1,0,0,0,0,0,0,0,0,-100%
34906,Bug,Done,0,2022-03-17,2022-03-17,2022-05-18,33710,7,7,11,8,12,12,21,3,3,5,2022,1,4,4,62,62,8,8,2,2,100%
34908,Bug,Done,0,2022-03-17,2022-03-17,2022-03-22,35716,7,7,7,7,12,12,13,3,3,3,2022,1,0,0,5,5,0,0,0,0,100%
34909,Bug,Done,0,2022-03-17,2022-03-17,2022-03-22,35716,7,7,7,7,12,12,13,3,3,3,2022,1,0,0,5,5,0,0,0,0,100%
35048,Bug,Done,0,2022-03-18,2022-05-27,2022-06-08,35625,7,12,13,1,12,22,24,3,5,6,2022,1,6,1,82,12,11,1,3,0,15%
35058,Bug,Done,0,2022-03-18,2022-03-22,2022-04-11,35716,7,7,8,13,12,13,16,3,3,4,2022,1,1,1,24,20,3,2,1,1,83%
35096,Bug,Done,1,2022-03-21,2022-05-23,2022-06-06,36554,7,11,12,13,13,22,24,3,5,6,2022,1,5,1,77,14,11,2,3,0,18%
35098,Bug,Approved,2,2022-03-21,,,0,7,-1,-1,-1,13,-1,-1,3,-1,-1,-1,0,-1,-1,-1,-1,-1,-1,-1,-1,-100%
35110,Bug,Done,1,2022-03-22,2022-05-16,2022-05-23,33716,7,11,11,13,13,21,22,3,5,5,2022,1,4,0,62,7,8,1,2,0,11%
35118,Bug,Done,1,2022-03-22,2022-05-11,2022-05-17,33710,7,11,11,7,13,20,21,3,5,5,2022,1,4,0,56,6,8,0,2,0,11%
35385,Story,Done,0,2022-03-23,2022-03-23,2022-05-13,0,7,7,11,3,13,13,20,3,3,5,2022,0,4,4,51,51,7,7,2,2,100%
35402,Story,Done,4,2022-03-23,2022-05-26,2022-07-07,35631,7,12,15,2,13,22,28,3,5,7,2022,1,8,3,106,42,15,6,3,1,40%
35403,Story,Done,5,2022-03-23,2022-06-08,2022-07-01,35631,7,13,14,10,13,24,27,3,6,7,2022,1,7,1,100,23,14,3,3,1,23%
35412,Story,Done,0,2022-03-23,2022-03-30,2022-04-12,33796,7,8,8,14,13,14,16,3,3,4,2022,1,1,0,20,13,2,1,1,0,65%
35413,Story,Done,0,2022-03-23,2022-03-30,2022-04-12,33796,7,8,8,14,13,14,16,3,3,4,2022,1,1,0,20,13,2,1,1,0,65%
35430,Story,Done,0,2022-03-25,2022-03-30,2022-05-23,35041,7,8,11,13,13,14,22,3,3,5,2022,1,4,3,59,54,8,7,2,2,92%
35431,Story,Done,0,2022-03-25,2022-03-31,2022-05-23,35041,7,8,11,13,13,14,22,3,3,5,2022,1,4,3,59,53,8,7,2,2,90%
35441,Story,Done,0,2022-03-25,2022-03-25,2022-03-28,32646,7,7,7,13,13,13,14,3,3,3,2022,1,0,0,3,3,0,0,0,0,100%
35447,Bug,Done,0,2022-03-27,2022-05-11,2022-05-20,33710,7,11,11,10,14,20,21,3,5,5,2022,1,4,0,54,9,7,1,2,0,17%
35448,Bug,Done,0,2022-03-27,2022-05-11,2022-05-20,33710,7,11,11,10,14,20,21,3,5,5,2022,1,4,0,54,9,7,1,2,0,17%
35457,Story,Committed,5,2022-03-28,2022-04-21,,33659,7,9,-1,-1,14,17,-1,3,4,-1,-1,1,-1,-1,-1,-1,-1,-1,-1,-1,-100%
35473,Bug,Approved,0,2022-03-29,,,0,7,-1,-1,-1,14,-1,-1,3,-1,-1,-1,0,-1,-1,-1,-1,-1,-1,-1,-1,-100%
35480,Story,Done,0,2022-03-30,2022-03-30,2022-04-21,33796,8,8,9,9,14,14,17,3,3,4,2022,1,1,1,22,22,3,3,1,1,100%
35482,Story,Done,0,2022-03-30,2022-03-30,2022-04-13,33796,8,8,9,1,14,14,16,3,3,4,2022,1,1,1,14,14,2,2,0,0,100%
35490,Bug,Done,0,2022-03-30,2022-05-27,2022-05-27,33709,8,12,12,3,14,22,22,3,5,5,2022,1,4,0,58,0,8,0,2,0,-100%
35500,Bug,Done,0,2022-03-30,2022-03-30,2022-04-25,33710,8,8,9,13,14,14,18,3,3,4,2022,1,1,1,26,26,3,3,1,1,100%
35553,Bug,Done,0,2022-04-02,2022-04-02,2022-04-25,33710,8,8,9,13,14,14,18,4,4,4,2022,1,1,1,23,23,3,3,1,1,100%
35562,Bug,Done,1,2022-04-04,2022-05-25,2022-05-25,36557,8,12,12,1,15,22,22,4,5,5,2022,1,4,0,51,0,7,0,2,0,-100%
35567,Bug,Done,1,2022-04-05,2022-05-30,2022-06-17,35625,8,12,13,10,15,23,25,4,5,6,2022,1,5,1,73,18,10,2,2,1,25%
35578,Bug,Done,0,2022-04-06,2022-05-11,2022-05-19,33709,8,11,11,9,15,20,21,4,5,5,2022,1,3,0,43,8,6,1,1,0,19%
35588,Bug,Approved,0,2022-04-07,,,0,8,-1,-1,-1,15,-1,-1,4,-1,-1,-1,0,-1,-1,-1,-1,-1,-1,-1,-1,-100%
35590,Bug,Done,1,2022-04-07,2022-05-11,2022-05-18,33714,8,11,11,8,15,20,21,4,5,5,2022,1,3,0,41,7,5,1,1,0,17%
35600,Bug,Done,0,2022-04-08,2022-04-15,2022-04-25,33710,8,9,9,13,15,16,18,4,4,4,2022,1,1,0,17,10,2,1,1,0,59%
35605,Story,Done,2,2022-04-10,2022-04-12,2022-05-24,35631,8,8,11,14,16,16,22,4,4,5,2022,1,3,3,44,42,6,6,1,1,95%
35606,Story,Done,2,2022-04-10,2022-11-08,2022-12-16,39338,8,23,26,10,16,46,51,4,11,12,2022,1,18,3,250,38,35,5,8,1,15%
35607,Story,Done,2,2022-04-10,2022-04-12,2022-04-20,34835,8,8,9,8,16,16,17,4,4,4,2022,1,1,1,10,8,1,1,0,0,80%
35609,Story,Done,1,2022-04-10,2022-04-27,2022-05-16,34835,8,10,11,6,16,18,21,4,4,5,2022,1,3,1,36,19,5,2,1,1,53%
35617,Story,Done,0,2022-04-11,2022-05-02,2022-05-23,35616,8,10,11,13,16,19,22,4,5,5,2022,1,3,1,42,21,6,3,1,1,50%
35618,Story,Done,0,2022-04-11,2022-04-26,2022-05-23,35616,8,9,11,13,16,18,22,4,4,5,2022,1,3,2,42,27,6,3,1,1,64%
35632,Story,Done,0,2022-04-11,2022-04-27,2022-04-27,33710,8,10,10,1,16,18,18,4,4,4,2022,1,2,0,16,0,2,0,1,0,-100%
35633,Story,Done,0,2022-04-11,2022-04-27,2022-04-27,33796,8,10,10,1,16,18,18,4,4,4,2022,1,2,0,16,0,2,0,1,0,-100%
35634,Story,Done,0,2022-04-11,2022-04-27,2022-04-27,33796,8,10,10,1,16,18,18,4,4,4,2022,1,2,0,16,0,2,0,1,0,-100%
35648,Bug,Done,0,2022-04-12,2022-04-12,2022-04-19,33710,8,8,9,7,16,16,17,4,4,4,2022,1,1,1,7,7,1,1,0,0,100%
35653,Story,Done,2,2022-04-12,2022-05-11,2022-05-26,33710,8,11,12,2,16,20,22,4,5,5,2022,1,4,1,44,15,6,2,1,0,34%
35654,Story,Done,0,2022-04-12,2022-04-12,2022-04-26,33796,8,8,9,14,16,16,18,4,4,4,2022,1,1,1,14,14,2,2,0,0,100%
35655,Story,Done,0,2022-04-12,2022-04-12,2022-04-26,33796,8,8,9,14,16,16,18,4,4,4,2022,1,1,1,14,14,2,2,0,0,100%
35708,Bug,Done,1,2022-04-18,2022-04-23,2022-04-25,33713,9,9,9,13,17,17,18,4,4,4,2022,1,0,0,7,2,1,0,0,0,29%
35724,Bug,Done,0,2022-04-20,2022-05-11,2022-05-18,33713,9,11,11,8,17,20,21,4,5,5,2022,1,2,0,28,7,4,1,1,0,25%
35726,Bug,Done,0,2022-04-20,2022-05-11,2022-05-19,33709,9,11,11,9,17,20,21,4,5,5,2022,1,2,0,29,8,4,1,1,0,28%
35743,Bug,Approved,0,2022-04-22,,,0,9,-1,-1,-1,17,-1,-1,4,-1,-1,-1,0,-1,-1,-1,-1,-1,-1,-1,-1,-100%
35779,Bug,Done,1,2022-04-26,2022-04-27,2022-05-10,33717,9,10,10,14,18,18,20,4,4,5,2022,1,1,0,14,13,2,1,0,0,93%
35786,Story,Done,2,2022-04-26,2022-04-27,2022-05-19,34835,9,10,11,9,18,18,21,4,4,5,2022,1,2,1,23,22,3,3,1,1,96%
35787,Story,Done,0,2022-04-26,2022-04-27,2022-05-16,33796,9,10,11,6,18,18,21,4,4,5,2022,1,2,1,20,19,2,2,1,1,95%
35788,Story,Done,0,2022-04-26,2022-04-27,2022-05-16,33796,9,10,11,6,18,18,21,4,4,5,2022,1,2,1,20,19,2,2,1,1,95%
35789,Bug,Approved,0,2022-04-26,,,0,9,-1,-1,-1,18,-1,-1,4,-1,-1,-1,0,-1,-1,-1,-1,-1,-1,-1,-1,-100%
35790,Story,Done,1,2022-04-26,2022-05-11,2022-05-20,34835,9,11,11,10,18,20,21,4,5,5,2022,1,2,0,24,9,3,1,1,0,38%
35792,Story,Done,2,2022-04-26,2022-08-17,2022-09-14,35631,9,18,20,1,18,34,38,4,8,9,2022,1,11,2,141,28,20,4,5,1,20%
35793,Story,Done,0,2022-04-27,2022-04-27,2022-05-11,33796,10,10,11,1,18,18,20,4,4,5,2022,1,1,1,14,14,2,2,0,0,100%
35794,Story,Done,0,2022-04-27,2022-04-27,2022-05-11,33710,10,10,11,1,18,18,20,4,4,5,2022,1,1,1,14,14,2,2,0,0,100%
35795,Story,Done,0,2022-04-27,2022-04-27,2022-05-11,33796,10,10,11,1,18,18,20,4,4,5,2022,1,1,1,14,14,2,2,0,0,100%
35846,Bug,Done,1,2022-04-28,2022-05-10,2022-05-17,33713,10,10,11,7,18,20,21,4,5,5,2022,1,1,1,19,7,2,1,1,0,37%
35864,Bug,Approved,0,2022-04-29,,,0,10,-1,-1,-1,18,-1,-1,4,-1,-1,-1,0,-1,-1,-1,-1,-1,-1,-1,-1,-100%
35873,Story,Done,0,2022-05-04,2022-05-16,2022-07-26,35630,10,11,16,7,19,21,31,5,5,7,2022,1,6,5,83,71,11,10,3,2,86%
35882,Bug,Done,1,2022-05-05,2022-05-05,2022-07-18,35623,10,10,15,13,19,19,30,5,5,7,2022,1,5,5,74,74,10,10,2,2,100%
35894,Bug,Done,1,2022-05-06,2022-05-12,2022-05-19,33710,10,11,11,9,19,20,21,5,5,5,2022,1,1,0,13,7,1,1,0,0,54%
35902,Story,Done,0,2022-05-09,2022-05-11,2022-05-24,35630,10,11,11,14,20,20,22,5,5,5,2022,1,1,0,15,13,2,1,0,0,87%
35903,Story,Done,0,2022-05-09,2022-05-11,2022-05-24,35630,10,11,11,14,20,20,22,5,5,5,2022,1,1,0,15,13,2,1,0,0,87%
35904,Bug,Done,0,2022-05-09,2022-05-11,2022-05-18,33709,10,11,11,8,20,20,21,5,5,5,2022,1,1,0,9,7,1,1,0,0,78%
35913,Bug,Done,0,2022-05-10,2022-05-16,2022-05-23,33713,10,11,11,13,20,21,22,5,5,5,2022,1,1,0,13,7,1,1,0,0,54%
35939,Story,Done,0,2022-05-11,2022-05-11,2022-05-25,35630,11,11,12,1,20,20,22,5,5,5,2022,1,1,1,14,14,2,2,0,0,100%
35940,Story,Done,0,2022-05-11,2022-05-11,2022-05-25,35623,11,11,12,1,20,20,22,5,5,5,2022,1,1,1,14,14,2,2,0,0,100%
35941,Story,Done,0,2022-05-11,2022-05-11,2022-05-25,35630,11,11,12,1,20,20,22,5,5,5,2022,1,1,1,14,14,2,2,0,0,100%
35968,Story,Done,0,2022-05-11,2022-05-11,2022-05-23,35041,11,11,11,13,20,20,22,5,5,5,2022,1,0,0,12,12,1,1,0,0,100%
35983,Story,Done,1,2022-05-12,2022-05-12,2022-05-27,33715,11,11,12,3,20,20,22,5,5,5,2022,1,1,1,15,15,2,2,0,0,100%
35994,Bug,Done,1,2022-05-13,2022-05-23,2022-07-01,35626,11,11,14,10,20,22,27,5,5,7,2022,1,3,3,49,39,7,5,2,1,80%
35995,Story,Committed,0,2022-05-13,2022-05-27,,33659,11,12,-1,-1,20,22,-1,5,5,-1,-1,1,-1,-1,-1,-1,-1,-1,-1,-1,-100%
36004,Bug,Done,1,2022-05-13,2022-05-13,2022-05-20,33713,11,11,11,10,20,20,21,5,5,5,2022,1,0,0,7,7,1,1,0,0,100%
36007,Bug,Done,0,2022-05-13,2022-05-16,2022-05-17,33713,11,11,11,7,20,21,21,5,5,5,2022,1,0,0,4,1,0,0,0,0,25%
36008,Story,Done,0,2022-05-13,2022-05-13,2022-08-25,36100,11,11,18,9,20,20,35,5,5,8,2022,1,7,7,104,104,14,14,3,3,100%
36009,Story,Done,0,2022-05-13,2022-05-13,2022-09-26,0,11,11,20,13,20,20,40,5,5,9,2022,0,9,9,136,136,19,19,4,4,100%
36030,Bug,Done,0,2022-05-16,2022-05-16,2022-05-18,33711,11,11,11,8,21,21,21,5,5,5,2022,1,0,0,2,2,0,0,0,0,100%
36071,Story,Done,3,2022-05-17,2022-05-25,2022-07-01,39732,11,12,14,10,21,22,27,5,5,7,2022,1,3,2,45,37,6,5,1,1,82%
36108,Bug,Done,1,2022-05-19,2022-09-28,2022-10-05,35622,11,21,21,8,21,40,41,5,9,10,2022,1,10,0,139,7,19,1,5,0,5%
36296,Bug,Done,1,2022-05-19,2022-05-23,2022-06-07,35626,11,11,12,14,21,22,24,5,5,6,2022,1,1,1,19,15,2,2,1,0,79%
36308,Bug,Done,0,2022-05-20,2022-05-25,2022-05-31,35623,11,12,12,7,21,22,23,5,5,5,2022,1,1,0,11,6,1,0,0,0,55%
36310,Story,Done,3,2022-05-20,2022-05-26,2022-06-06,35625,11,12,12,13,21,22,24,5,5,6,2022,1,1,0,17,11,2,1,1,0,65%
36311,Bug,Approved,0,2022-05-20,,,0,11,-1,-1,-1,21,-1,-1,5,-1,-1,-1,0,-1,-1,-1,-1,-1,-1,-1,-1,-100%
36313,Story,Done,2,2022-05-20,2022-05-25,2022-07-01,39732,11,12,14,10,21,22,27,5,5,7,2022,1,3,2,42,37,6,5,1,1,88%
36314,Story,Done,3,2022-05-20,2022-05-25,2022-07-01,39732,11,12,14,10,21,22,27,5,5,7,2022,1,3,2,42,37,6,5,1,1,88%
36322,Story,Done,1,2022-05-23,2022-10-12,2022-12-16,39338,11,22,26,10,22,42,51,5,10,12,2022,1,15,4,207,65,29,9,7,2,31%
36324,Bug,Done,0,2022-05-23,,2022-12-02,35970,11,-1,25,10,22,-1,49,5,-1,12,2022,1,14,-1,193,-1,27,-1,6,-1,-100%
36325,Bug,Done,0,2022-05-23,2022-06-08,2022-07-28,35970,11,13,16,9,22,24,31,5,6,7,2022,1,5,3,66,50,9,7,2,2,76%
36330,Story,Done,0,2022-05-23,2022-09-26,2022-09-26,35970,11,20,20,13,22,40,40,5,9,9,2022,1,9,0,126,0,18,0,4,0,-100%
36331,Story,Done,0,2022-05-23,2022-09-26,2022-09-26,35970,11,20,20,13,22,40,40,5,9,9,2022,1,9,0,126,0,18,0,4,0,-100%
36333,Bug,Done,0,2022-05-23,2022-05-23,2022-05-24,33709,11,11,11,14,22,22,22,5,5,5,2022,1,0,0,1,1,0,0,0,0,100%
36339,Story,Done,0,2022-05-24,2022-05-24,2022-09-23,35970,11,11,20,10,22,22,39,5,5,9,2022,1,9,9,122,122,17,17,4,4,100%
36340,Story,Done,0,2022-05-24,2022-05-24,2022-09-23,35970,11,11,20,10,22,22,39,5,5,9,2022,1,9,9,122,122,17,17,4,4,100%
36345,Story,Done,0,2022-05-24,2022-05-24,2022-06-08,35630,11,11,13,1,22,22,24,5,5,6,2022,1,2,2,15,15,2,2,0,0,100%
36346,Story,Done,0,2022-05-24,2022-05-24,2022-06-08,35623,11,11,13,1,22,22,24,5,5,6,2022,1,2,2,15,15,2,2,0,0,100%
36347,Story,Done,0,2022-05-24,2022-05-24,2022-06-08,35630,11,11,13,1,22,22,24,5,5,6,2022,1,2,2,15,15,2,2,0,0,100%
36353,Bug,Done,1,2022-05-24,2022-05-25,2022-06-03,36554,11,12,12,10,22,22,23,5,5,6,2022,1,1,0,10,9,1,1,0,0,90%
36356,Story,Approved,0,2022-05-24,,,0,11,-1,-1,-1,22,-1,-1,5,-1,-1,-1,0,-1,-1,-1,-1,-1,-1,-1,-1,-100%
36357,Story,Done,0,2022-05-24,2022-05-25,2022-06-07,35630,11,12,12,14,22,22,24,5,5,6,2022,1,1,0,14,13,2,1,0,0,93%
36358,Story,Done,0,2022-05-24,2022-05-25,2022-06-07,35630,11,12,12,14,22,22,24,5,5,6,2022,1,1,0,14,13,2,1,0,0,93%
36379,Bug,Done,0,2022-05-25,2022-05-25,2022-05-27,36557,12,12,12,3,22,22,22,5,5,5,2022,1,0,0,2,2,0,0,0,0,100%
36404,Bug,Done,0,2022-05-25,2022-05-25,2022-05-27,36557,12,12,12,3,22,22,22,5,5,5,2022,1,0,0,2,2,0,0,0,0,100%
36410,Bug,Done,0,2022-05-25,2022-06-07,2022-06-20,35625,12,12,13,13,22,24,26,5,6,6,2022,1,1,1,26,13,3,1,1,0,50%
36411,Story,Done,5,2022-05-25,2022-06-08,2022-07-01,35631,12,13,14,10,22,24,27,5,6,7,2022,1,2,1,37,23,5,3,1,1,62%
36450,Bug,Done,0,2022-05-27,2022-09-14,2022-09-30,35625,12,20,21,3,22,38,40,5,9,9,2022,1,9,1,126,16,18,2,4,1,13%
36460,Bug,Done,0,2022-05-27,2022-05-27,2022-05-27,36557,12,12,12,3,22,22,22,5,5,5,2022,1,0,0,0,0,0,0,0,0,-100%
36480,Bug,Done,0,2022-05-30,2022-06-08,2022-07-01,35623,12,13,14,10,23,24,27,5,6,7,2022,1,2,1,32,23,4,3,1,1,72%
36483,Story,Done,8,2022-05-30,2022-06-09,2022-08-16,32953,12,13,17,14,23,24,34,5,6,8,2022,1,5,4,78,68,11,9,3,2,87%
36494,Story,Done,5,2022-05-30,2022-09-28,2022-12-07,32953,12,21,26,1,23,40,50,5,9,12,2022,1,14,5,191,70,27,10,6,2,37%
36495,Story,Done,3,2022-05-30,2022-10-26,2022-11-28,32953,12,23,25,6,23,44,49,5,10,11,2022,1,13,2,182,33,26,4,6,1,18%
36497,Story,Committed,8,2022-05-30,2022-09-28,,32953,12,21,-1,-1,23,40,-1,5,9,-1,-1,1,-1,-1,-1,-1,-1,-1,-1,-1,-100%
36498,Story,Committed,3,2022-05-30,2022-11-23,,32953,12,25,-1,-1,23,48,-1,5,11,-1,-1,1,-1,-1,-1,-1,-1,-1,-1,-1,-100%
36499,Story,Committed,3,2022-05-30,2022-11-09,,32953,12,24,-1,-1,23,46,-1,5,11,-1,-1,1,-1,-1,-1,-1,-1,-1,-1,-1,-100%
36500,Story,Committed,5,2022-05-30,2022-11-23,,32953,12,25,-1,-1,23,48,-1,5,11,-1,-1,1,-1,-1,-1,-1,-1,-1,-1,-1,-100%
36503,Story,Done,3,2022-05-30,2022-09-28,2022-12-07,32953,12,21,26,1,23,40,50,5,9,12,2022,1,14,5,191,70,27,10,6,2,37%
36504,Story,Done,5,2022-05-30,2022-09-06,2022-10-11,32953,12,19,21,14,23,37,42,5,9,10,2022,1,9,2,134,35,19,5,4,1,26%
36505,Story,Done,5,2022-05-30,2022-09-14,2022-12-02,32953,12,20,25,10,23,38,49,5,9,12,2022,1,13,5,186,79,26,11,6,3,42%
36508,Bug,Done,0,2022-05-30,2022-05-30,2022-07-05,35970,12,12,14,14,23,23,28,5,5,7,2022,1,2,2,36,36,5,5,1,1,100%
36509,Story,Done,3,2022-05-31,2022-09-14,2022-09-21,35631,12,20,20,8,23,38,39,5,9,9,2022,1,8,0,113,7,16,1,4,0,6%
36510,Story,Approved,0,2022-05-31,,,0,12,-1,-1,-1,23,-1,-1,5,-1,-1,-1,0,-1,-1,-1,-1,-1,-1,-1,-1,-100%
36529,Bug,Done,0,2022-06-01,2022-06-01,2022-06-29,35623,12,12,14,8,23,23,27,6,6,6,2022,1,2,2,28,28,4,4,1,1,100%
36531,Story,Done,8,2022-06-01,2022-08-10,2022-09-09,32953,12,17,19,10,23,33,37,6,8,9,2022,1,7,2,100,30,14,4,3,1,30%
36532,Story,Done,5,2022-06-01,2022-07-06,2022-08-29,32953,12,15,18,13,23,28,36,6,7,8,2022,1,6,3,89,54,12,7,3,2,61%
36533,Story,Done,5,2022-06-01,2022-08-31,2022-09-27,32953,12,19,20,14,23,36,40,6,8,9,2022,1,8,1,118,27,16,3,4,1,23%
36535,Bug,Done,0,2022-06-02,2022-06-02,2022-07-07,35623,12,12,15,2,23,23,28,6,6,7,2022,1,3,3,35,35,5,5,1,1,100%
36552,Bug,Done,0,2022-06-02,2022-06-02,2022-06-17,35626,12,12,13,10,23,23,25,6,6,6,2022,1,1,1,15,15,2,2,0,0,100%
36553,Story,Done,3,2022-06-02,2022-06-30,2022-07-07,35631,12,14,15,2,23,27,28,6,6,7,2022,1,3,1,35,7,5,1,1,0,20%
36555,Story,Done,1,2022-06-02,2022-06-16,2022-06-17,36554,12,13,13,10,23,25,25,6,6,6,2022,1,1,0,15,1,2,0,0,0,7%
36565,Bug,Done,1,2022-06-06,2022-06-07,2022-06-08,35623,12,12,13,1,24,24,24,6,6,6,2022,1,1,1,2,1,0,0,0,0,50%
36585,Story,Done,3,2022-06-07,2022-06-22,2022-07-01,36662,12,14,14,10,24,26,27,6,6,7,2022,1,2,0,24,9,3,1,1,0,38%
36591,Bug,Approved,1,2022-06-07,,,28004,12,-1,-1,-1,24,-1,-1,6,-1,-1,-1,1,-1,-1,-1,-1,-1,-1,-1,-1,-100%
36593,Bug,Done,1,2022-06-07,,2022-06-09,35629,12,-1,13,2,24,-1,24,6,-1,6,2022,1,1,-1,2,-1,0,-1,0,-1,-100%
36594,Story,Done,2,2022-06-07,2022-06-22,2022-07-06,5208,12,14,15,1,24,26,28,6,6,7,2022,1,3,1,29,14,4,2,1,0,48%
36595,Story,Done,0,2022-06-07,2022-06-08,2022-06-23,35630,12,13,14,2,24,24,26,6,6,6,2022,1,2,1,16,15,2,2,1,0,94%
36596,Story,Done,0,2022-06-07,2022-06-08,2022-06-23,35630,12,13,14,2,24,24,26,6,6,6,2022,1,2,1,16,15,2,2,1,0,94%
36637,Story,Done,0,2022-06-08,2022-06-08,2022-06-22,35623,13,13,14,1,24,24,26,6,6,6,2022,1,1,1,14,14,2,2,0,0,100%
36638,Story,Done,0,2022-06-08,2022-06-08,2022-06-22,35630,13,13,14,1,24,24,26,6,6,6,2022,1,1,1,14,14,2,2,0,0,100%
36642,Story,Done,0,2022-06-08,2022-06-08,2022-06-22,35623,13,13,14,1,24,24,26,6,6,6,2022,1,1,1,14,14,2,2,0,0,100%
36665,Bug,Approved,0,2022-06-08,,,28004,13,-1,-1,-1,24,-1,-1,6,-1,-1,-1,1,-1,-1,-1,-1,-1,-1,-1,-1,-100%
36667,Bug,Done,0,2022-06-08,2022-12-19,2022-12-27,39339,13,26,27,7,24,52,53,6,12,12,2022,1,14,1,202,8,28,1,7,0,4%
36699,Bug,Done,0,2022-06-10,2022-06-10,2022-06-13,5212,13,13,13,6,24,24,25,6,6,6,2022,1,0,0,3,3,0,0,0,0,100%
36700,Bug,Done,0,2022-06-10,2022-06-10,2022-06-20,35623,13,13,13,13,24,24,26,6,6,6,2022,1,0,0,10,10,1,1,0,0,100%
36702,Bug,Done,1,2022-06-10,2022-06-10,2022-06-22,5212,13,13,14,1,24,24,26,6,6,6,2022,1,1,1,12,12,1,1,0,0,100%
36711,Bug,Done,1,2022-06-10,2022-06-13,2022-06-28,35623,13,13,14,7,24,25,27,6,6,6,2022,1,1,1,18,15,2,2,1,0,83%
36714,Bug,Approved,0,2022-06-10,,,0,13,-1,-1,-1,24,-1,-1,6,-1,-1,-1,0,-1,-1,-1,-1,-1,-1,-1,-1,-100%
36725,Bug,Done,1,2022-06-13,2022-07-01,2022-07-01,35623,13,14,14,10,25,27,27,6,7,7,2022,1,1,0,18,0,2,0,1,0,-100%
36742,Story,Committed,5,2022-06-13,2022-12-07,,32953,13,26,-1,-1,25,50,-1,6,12,-1,-1,1,-1,-1,-1,-1,-1,-1,-1,-1,-100%
36744,Bug,Done,1,2022-06-13,,2022-08-19,35622,13,-1,18,3,25,-1,34,6,-1,8,2022,1,5,-1,67,-1,9,-1,2,-1,-100%
36772,Bug,Done,1,2022-06-15,2022-06-22,2022-07-05,35625,13,14,14,14,25,26,28,6,6,7,2022,1,1,0,20,13,2,1,1,0,65%
36777,Bug,Done,0,2022-06-15,2022-06-15,2022-06-29,35625,13,13,14,8,25,25,27,6,6,6,2022,1,1,1,14,14,2,2,0,0,100%
36787,Bug,Done,1,2022-06-17,2022-06-22,2022-07-01,35630,13,14,14,10,25,26,27,6,6,7,2022,1,1,0,14,9,2,1,0,0,64%
36792,Bug,Done,0,2022-06-20,2022-06-20,2022-06-21,35623,13,13,13,14,26,26,26,6,6,6,2022,1,0,0,1,1,0,0,0,0,100%
36798,Story,Done,5,2022-06-20,2022-09-21,2022-12-15,32953,13,20,26,9,26,39,51,6,9,12,2022,1,13,6,178,85,25,12,6,3,48%
36806,Story,Done,5,2022-06-20,2022-06-23,2022-08-04,35970,13,14,17,2,26,26,32,6,6,8,2022,1,4,3,45,42,6,6,1,1,93%
36807,Story,Done,8,2022-06-20,2022-07-07,2022-09-16,35970,13,15,20,3,26,28,38,6,7,9,2022,1,7,5,88,71,12,10,3,2,81%
36808,Story,Done,5,2022-06-20,2022-06-23,2022-08-04,35970,13,14,17,2,26,26,32,6,6,8,2022,1,4,3,45,42,6,6,1,1,93%
36812,Story,Done,0,2022-06-20,2022-06-22,2022-07-06,35630,13,14,15,1,26,26,28,6,6,7,2022,1,2,1,16,14,2,2,1,0,88%
36813,Story,Done,0,2022-06-20,2022-06-22,2022-07-06,35630,13,14,15,1,26,26,28,6,6,7,2022,1,2,1,16,14,2,2,1,0,88%
36816,Bug,Done,1,2022-06-21,2022-09-06,2022-09-09,35625,13,19,19,10,26,37,37,6,9,9,2022,1,6,0,80,3,11,0,3,0,4%
36817,Bug,Done,1,2022-06-21,2022-09-08,2022-09-09,35625,13,19,19,10,26,37,37,6,9,9,2022,1,6,0,80,1,11,0,3,0,1%
36842,Bug,Done,0,2022-06-22,2022-06-23,2022-08-17,35623,14,14,18,1,26,26,34,6,6,8,2022,1,4,4,56,55,8,7,2,2,98%
36843,Story,Done,0,2022-06-22,2022-06-27,2022-07-06,35623,14,14,15,1,26,27,28,6,6,7,2022,1,1,1,14,9,2,1,0,0,64%
36844,Story,Done,0,2022-06-22,2022-06-27,2022-07-06,35623,14,14,15,1,26,27,28,6,6,7,2022,1,1,1,14,9,2,1,0,0,64%
36845,Story,Done,0,2022-06-22,2022-06-27,2022-07-06,35630,14,14,15,1,26,27,28,6,6,7,2022,1,1,1,14,9,2,1,0,0,64%
36855,Bug,Done,1,2022-06-22,2022-06-23,2022-06-27,36860,14,14,14,6,26,26,27,6,6,6,2022,1,0,0,5,4,0,0,0,0,80%
36927,Story,Done,0,2022-06-24,2022-06-24,2022-06-29,36860,14,14,14,8,26,26,27,6,6,6,2022,1,0,0,5,5,0,0,0,0,100%
36931,Bug,Done,0,2022-06-24,2022-06-27,2022-06-27,36860,14,14,14,6,26,27,27,6,6,6,2022,1,0,0,3,0,0,0,0,0,-100%
36934,Bug,Done,1,2022-06-26,2022-07-18,2022-09-14,35623,14,15,20,1,27,30,38,6,7,9,2022,1,6,5,80,58,11,8,3,2,73%
36978,Story,Done,1,2022-06-27,2023-06-28,2023-08-07,41677,14,-1,-1,-1,27,26,32,6,6,8,2023,1,-1,-1,406,40,58,5,13,1,10%
37008,Bug,Done,0,2022-06-29,2022-08-03,2022-09-13,35623,14,17,19,14,27,32,38,6,8,9,2022,1,5,2,76,41,10,5,2,1,54%
37359,Bug,Done,0,2022-07-03,2022-07-18,2022-09-14,35623,14,15,20,1,28,30,38,7,7,9,2022,1,6,5,73,58,10,8,2,2,79%
37374,Bug,Done,0,2022-07-04,2022-07-04,2022-07-05,35623,14,14,14,14,28,28,28,7,7,7,2022,1,0,0,1,1,0,0,0,0,100%
37386,Bug,Done,0,2022-07-04,2022-09-06,2022-09-13,35623,14,19,19,14,28,37,38,7,9,9,2022,1,5,0,71,7,10,1,2,0,10%
37387,Bug,Done,0,2022-07-04,2022-09-05,2022-09-13,35623,14,19,19,14,28,37,38,7,9,9,2022,1,5,0,71,8,10,1,2,0,11%
37434,Story,Done,5,2022-07-05,2022-08-03,2022-09-14,35623,14,17,20,1,28,32,38,7,8,9,2022,1,6,3,71,42,10,6,2,1,59%
37436,Bug,Done,1,2022-07-05,2022-07-06,2022-07-20,35622,14,15,16,1,28,28,30,7,7,7,2022,1,2,1,15,14,2,2,0,0,93%
37437,Story,Done,0,2022-07-05,2022-07-11,2022-07-20,35630,14,15,16,1,28,29,30,7,7,7,2022,1,2,1,15,9,2,1,0,0,60%
37438,Story,Done,0,2022-07-05,2022-07-11,2022-07-20,35630,14,15,16,1,28,29,30,7,7,7,2022,1,2,1,15,9,2,1,0,0,60%
37442,Story,Done,3,2022-07-05,2022-07-20,2022-08-04,36662,14,16,17,2,28,30,32,7,7,8,2022,1,3,1,30,15,4,2,1,0,50%
37443,Story,Done,8,2022-07-05,2022-07-07,2022-08-19,36662,14,15,18,3,28,28,34,7,7,8,2022,1,4,3,45,43,6,6,1,1,96%
37444,Story,Done,3,2022-07-05,2022-07-21,2022-09-14,36662,14,16,20,1,28,30,38,7,7,9,2022,1,6,4,71,55,10,7,2,2,77%
37445,Story,Done,4,2022-07-05,2022-08-03,2022-08-31,36662,14,17,19,1,28,32,36,7,8,8,2022,1,5,2,57,28,8,4,2,1,49%
37446,Story,Done,2,2022-07-05,2022-08-03,2022-09-14,36662,14,17,20,1,28,32,38,7,8,9,2022,1,6,3,71,42,10,6,2,1,59%
37447,Story,Done,16,2022-07-05,2022-08-17,2022-09-14,36662,14,18,20,1,28,34,38,7,8,9,2022,1,6,2,71,28,10,4,2,1,39%
37449,Story,Done,2,2022-07-05,2023-06-21,2023-06-21,39449,14,-1,-1,-1,28,25,25,7,6,6,2023,1,-1,-1,351,0,50,0,12,0,-100%
37456,Story,Done,0,2022-07-06,2022-07-06,2022-07-19,35623,15,15,15,14,28,28,30,7,7,7,2022,1,0,0,13,13,1,1,0,0,100%
37457,Story,Done,0,2022-07-06,2022-07-06,2022-07-19,35630,15,15,15,14,28,28,30,7,7,7,2022,1,0,0,13,13,1,1,0,0,100%
37458,Story,Done,0,2022-07-06,2022-07-06,2022-07-19,35623,15,15,15,14,28,28,30,7,7,7,2022,1,0,0,13,13,1,1,0,0,100%
37465,Story,Done,8,2022-07-06,2022-07-07,2022-08-17,36662,15,15,18,1,28,28,34,7,7,8,2022,1,3,3,42,41,6,5,1,1,98%
37495,Bug,Done,0,2022-07-07,2022-07-21,2022-08-02,35625,15,16,16,14,28,30,32,7,7,8,2022,1,1,0,26,12,3,1,1,0,46%
37524,Bug,Done,1,2022-07-07,2022-07-11,2022-07-11,35622,15,15,15,6,28,29,29,7,7,7,2022,1,0,0,4,0,0,0,0,0,-100%
37551,Bug,Done,1,2022-07-07,2022-07-12,2022-09-26,35625,15,15,20,13,28,29,40,7,7,9,2022,1,5,5,81,76,11,10,3,2,94%
37553,Story,Done,2,2022-07-07,2022-07-08,2022-07-19,35631,15,15,15,14,28,28,30,7,7,7,2022,1,0,0,12,11,1,1,0,0,92%
37559,Bug,Done,0,2022-07-07,2022-07-21,2022-09-26,35970,15,16,20,13,28,30,40,7,7,9,2022,1,5,4,81,67,11,9,3,2,83%
37560,Story,Committed,5,2022-07-07,2022-12-07,,32953,15,26,-1,-1,28,50,-1,7,12,-1,-1,1,-1,-1,-1,-1,-1,-1,-1,-1,-100%
37610,Story,Done,1,2022-07-08,2022-07-08,2022-07-13,35623,15,15,15,8,28,28,29,7,7,7,2022,1,0,0,5,5,0,0,0,0,100%
37615,Story,Done,1,2022-07-08,2022-07-08,2022-07-20,39732,15,15,16,1,28,28,30,7,7,7,2022,1,1,1,12,12,1,1,0,0,100%
37623,Bug,Done,0,2022-07-11,2022-08-18,2022-09-06,35625,15,18,19,7,29,34,37,7,8,9,2022,1,4,1,57,19,8,2,2,1,33%
37627,Bug,Done,0,2022-07-11,2022-07-11,2022-07-19,35625,15,15,15,14,29,29,30,7,7,7,2022,1,0,0,8,8,1,1,0,0,100%
37702,Bug,Done,0,2022-07-13,2022-08-03,2022-08-17,35623,15,17,18,1,29,32,34,7,8,8,2022,1,3,1,35,14,5,2,1,0,40%
37704,Bug,Done,0,2022-07-13,2022-07-13,2022-07-18,35625,15,15,15,13,29,29,30,7,7,7,2022,1,0,0,5,5,0,0,0,0,100%
37748,Story,Done,10,2022-07-13,2022-07-13,2022-09-22,27004,15,15,20,9,29,29,39,7,7,9,2022,1,5,5,71,71,10,10,2,2,100%
37749,Story,Done,10,2022-07-13,2022-08-25,2022-09-22,27004,15,18,20,9,29,35,39,7,8,9,2022,1,5,2,71,28,10,4,2,1,39%
37756,Bug,Done,1,2022-07-14,2022-07-18,2022-07-18,35622,15,15,15,13,29,30,30,7,7,7,2022,1,0,0,4,0,0,0,0,0,-100%
37775,Bug,Done,0,2022-07-18,2022-07-18,2022-07-18,35630,15,15,15,13,30,30,30,7,7,7,2022,1,0,0,0,0,0,0,0,0,-100%
37786,Bug,Done,1,2022-07-18,2022-07-18,2022-07-22,35622,15,15,16,3,30,30,30,7,7,7,2022,1,1,1,4,4,0,0,0,0,100%
37792,Bug,Done,0,2022-07-19,2022-09-06,2022-09-14,35625,15,19,20,1,30,37,38,7,9,9,2022,1,5,1,57,8,8,1,2,0,14%
37796,Bug,Done,0,2022-07-19,2022-09-06,2022-09-09,35623,15,19,19,10,30,37,37,7,9,9,2022,1,4,0,52,3,7,0,2,0,6%
37802,Story,Done,1,2022-07-19,2022-07-21,2022-07-28,35631,15,16,16,9,30,30,31,7,7,7,2022,1,1,0,9,7,1,1,0,0,78%
37803,Bug,Done,1,2022-07-19,2022-09-01,2022-09-21,35627,15,19,20,8,30,36,39,7,9,9,2022,1,5,1,64,20,9,2,2,1,31%
37814,Story,Done,0,2022-07-19,2022-07-19,2022-08-03,35623,15,15,17,1,30,30,32,7,7,8,2022,1,2,2,15,15,2,2,0,0,100%
37815,Story,Done,0,2022-07-19,2022-07-19,2022-08-03,35623,15,15,17,1,30,30,32,7,7,8,2022,1,2,2,15,15,2,2,0,0,100%
37816,Story,Done,0,2022-07-19,2022-07-19,2022-08-03,35630,15,15,17,1,30,30,32,7,7,8,2022,1,2,2,15,15,2,2,0,0,100%
37823,Story,Done,3,2022-07-20,2022-08-17,2022-09-21,36662,16,18,20,8,30,34,39,7,8,9,2022,1,4,2,63,35,9,5,2,1,56%
37825,Story,Done,6,2022-07-20,2022-07-20,2022-08-02,35622,16,16,16,14,30,30,32,7,7,8,2022,1,0,0,13,13,1,1,0,0,100%
37826,Bug,Done,0,2022-07-20,2022-07-29,2022-07-29,35623,16,16,16,10,30,31,31,7,7,7,2022,1,0,0,9,0,1,0,0,0,-100%
37827,Story,Done,0,2022-07-20,2022-07-21,2022-08-03,35630,16,16,17,1,30,30,32,7,7,8,2022,1,1,1,14,13,2,1,0,0,93%
37828,Story,Done,0,2022-07-20,2022-07-28,2022-08-03,35630,16,16,17,1,30,31,32,7,7,8,2022,1,1,1,14,6,2,0,0,0,43%
37829,Story,Done,4,2022-07-20,2022-08-03,2022-08-17,36664,16,17,18,1,30,32,34,7,8,8,2022,1,2,1,28,14,4,2,1,0,50%
37830,Story,Done,3,2022-07-20,2022-08-03,2022-08-17,36664,16,17,18,1,30,32,34,7,8,8,2022,1,2,1,28,14,4,2,1,0,50%
37831,Story,Done,4,2022-07-20,2022-08-03,2022-09-14,36664,16,17,20,1,30,32,38,7,8,9,2022,1,4,3,56,42,8,6,2,1,75%
37832,Story,Done,10,2022-07-20,2022-08-04,2022-09-14,36664,16,17,20,1,30,32,38,7,8,9,2022,1,4,3,56,41,8,5,2,1,73%
37890,Bug,Done,1,2022-07-22,2022-09-12,2022-11-04,39338,16,19,23,10,30,38,45,7,9,11,2022,1,7,4,105,53,15,7,3,2,50%
37912,Bug,Approved,1,2022-07-25,,,28003,16,-1,-1,-1,31,-1,-1,7,-1,-1,-1,1,-1,-1,-1,-1,-1,-1,-1,-1,-100%
37940,Bug,Done,1,2022-07-26,2022-07-26,2022-07-26,35630,16,16,16,7,31,31,31,7,7,7,2022,1,0,0,0,0,0,0,0,0,-100%
37946,Bug,Done,0,2022-07-27,2022-08-31,2022-09-13,35623,16,19,19,14,31,36,38,7,8,9,2022,1,3,0,48,13,6,1,2,0,27%
37947,Bug,Done,0,2022-07-27,2022-08-31,2022-09-13,35623,16,19,19,14,31,36,38,7,8,9,2022,1,3,0,48,13,6,1,2,0,27%
37952,Bug,Done,1,2022-07-27,2022-08-17,2022-08-17,35623,16,18,18,1,31,34,34,7,8,8,2022,1,2,0,21,0,3,0,1,0,-100%
37961,Story,Done,1,2022-07-27,2022-07-27,2022-07-29,35970,16,16,16,10,31,31,31,7,7,7,2022,1,0,0,2,2,0,0,0,0,100%
37962,Bug,Done,0,2022-07-27,2022-08-03,2022-09-14,35623,16,17,20,1,31,32,38,7,8,9,2022,1,4,3,49,42,7,6,2,1,86%
37976,Bug,Approved,1,2022-07-28,,,28003,16,-1,-1,-1,31,-1,-1,7,-1,-1,-1,1,-1,-1,-1,-1,-1,-1,-1,-1,-100%
37994,Story,Done,0,2022-07-29,2022-08-19,2022-08-19,35630,16,18,18,3,31,34,34,7,8,8,2022,1,2,0,21,0,3,0,1,0,-100%
37995,Story,Done,0,2022-07-29,2022-08-31,2022-08-31,35630,16,19,19,1,31,36,36,7,8,8,2022,1,3,0,33,0,4,0,1,0,-100%
37996,Story,Done,0,2022-07-29,2022-08-19,2022-08-19,35630,16,18,18,3,31,34,34,7,8,8,2022,1,2,0,21,0,3,0,1,0,-100%
37997,Story,Done,0,2022-07-29,2022-08-31,2022-08-31,35630,16,19,19,1,31,36,36,7,8,8,2022,1,3,0,33,0,4,0,1,0,-100%
38007,Bug,Done,0,2022-08-01,2022-09-14,2022-09-19,35625,16,20,20,6,32,38,39,8,9,9,2022,1,4,0,49,5,7,0,2,0,10%
38010,Story,Done,8,2022-08-01,2022-08-19,2022-08-30,36661,16,18,18,14,32,34,36,8,8,8,2022,1,2,0,29,11,4,1,1,0,38%
38011,Bug,Done,1,2022-08-01,2022-08-02,2022-08-29,35622,16,16,18,13,32,32,36,8,8,8,2022,1,2,2,28,27,4,3,1,1,96%
38012,Bug,Done,0,2022-08-02,2022-08-02,2022-09-16,35623,16,16,20,3,32,32,38,8,8,9,2022,1,4,4,45,45,6,6,1,1,100%
38033,Story,Done,0,2022-08-03,2022-08-03,2022-08-31,35623,17,17,19,1,32,32,36,8,8,8,2022,1,2,2,28,28,4,4,1,1,100%
38037,Story,Done,0,2022-08-03,2022-08-03,2022-08-31,35623,17,17,19,1,32,32,36,8,8,8,2022,1,2,2,28,28,4,4,1,1,100%
38044,Story,Done,0,2022-08-03,2022-08-03,2022-08-31,35623,17,17,19,1,32,32,36,8,8,8,2022,1,2,2,28,28,4,4,1,1,100%
38054,Bug,Done,0,2022-08-03,2022-08-04,2022-08-17,35623,17,17,18,1,32,32,34,8,8,8,2022,1,1,1,14,13,2,1,0,0,93%
38056,Story,Done,2,2022-08-03,2022-08-17,2022-09-13,35970,17,18,19,14,32,34,38,8,8,9,2022,1,2,1,41,27,5,3,1,1,66%
38063,Bug,Done,0,2022-08-04,2022-08-04,2022-09-13,35625,17,17,19,14,32,32,38,8,8,9,2022,1,2,2,40,40,5,5,1,1,100%
38115,Bug,Done,1,2022-08-05,2022-08-08,2022-08-26,35626,17,17,18,10,32,33,35,8,8,8,2022,1,1,1,21,18,3,2,1,1,86%
38126,Bug,Done,0,2022-08-08,2022-09-14,2022-09-21,35625,17,20,20,8,33,38,39,8,9,9,2022,1,3,0,44,7,6,1,1,0,16%
38128,Story,Done,1,2022-08-08,2022-08-08,2022-09-22,27004,17,17,20,9,33,33,39,8,8,9,2022,1,3,3,45,45,6,6,1,1,100%
38142,Story,Done,7,2022-08-09,2022-09-14,2022-10-19,35631,17,20,22,8,33,38,43,8,9,10,2022,1,5,2,71,35,10,5,2,1,49%
38155,Bug,Done,0,2022-08-11,2022-09-06,2022-09-13,35623,17,19,19,14,33,37,38,8,9,9,2022,1,2,0,33,7,4,1,1,0,21%
38156,Bug,Done,0,2022-08-11,2022-09-06,2022-09-14,35623,17,19,20,1,33,37,38,8,9,9,2022,1,3,1,34,8,4,1,1,0,24%
38157,Bug,Done,0,2022-08-11,2022-08-26,2022-08-29,35625,17,18,18,13,33,35,36,8,8,8,2022,1,1,0,18,3,2,0,1,0,17%
38191,Bug,Done,0,2022-08-15,2022-08-17,2022-08-23,35626,17,18,18,7,34,34,35,8,8,8,2022,1,1,0,8,6,1,0,0,0,75%
38192,Bug,Done,0,2022-08-15,2022-08-16,2022-08-17,35623,17,17,18,1,34,34,34,8,8,8,2022,1,1,1,2,1,0,0,0,0,50%
38195,Bug,Done,0,2022-08-16,2022-09-02,2022-09-05,35626,17,19,19,6,34,36,37,8,9,9,2022,1,2,0,20,3,2,0,1,0,15%
38196,Bug,Done,0,2022-08-16,2022-08-17,2022-09-14,35623,17,18,20,1,34,34,38,8,8,9,2022,1,3,2,29,28,4,4,1,1,97%
38198,Bug,Done,0,2022-08-16,2022-09-06,2022-09-13,35626,17,19,19,14,34,37,38,8,9,9,2022,1,2,0,28,7,4,1,1,0,25%
38205,Story,Done,1,2022-08-16,2022-08-17,2022-09-14,36664,17,18,20,1,34,34,38,8,8,9,2022,1,3,2,29,28,4,4,1,1,97%
38232,Story,Done,1,2022-08-17,2022-09-28,2022-10-12,39580,18,21,22,1,34,40,42,8,9,10,2022,1,4,1,56,14,8,2,2,0,25%
38263,Story,Done,1,2022-08-17,2022-09-14,2022-09-27,36664,18,20,20,14,34,38,40,8,9,9,2022,1,2,0,41,13,5,1,1,0,32%
38265,Story,Done,3,2022-08-17,2022-08-25,2022-09-14,38264,18,18,20,1,34,35,38,8,8,9,2022,1,2,2,28,20,4,2,1,1,71%
38270,Bug,Done,0,2022-08-18,2022-09-02,2022-09-05,35626,18,19,19,6,34,36,37,8,9,9,2022,1,1,0,18,3,2,0,1,0,17%
38283,Bug,Done,1,2022-08-18,,2022-11-08,39332,18,-1,23,14,34,-1,46,8,-1,11,2022,1,5,-1,82,-1,11,-1,3,-1,-100%
38289,Bug,Done,0,2022-08-19,2022-08-19,2022-08-23,35623,18,18,18,7,34,34,35,8,8,8,2022,1,0,0,4,4,0,0,0,0,100%
38319,Bug,Approved,0,2022-08-22,,,28004,18,-1,-1,-1,35,-1,-1,8,-1,-1,-1,1,-1,-1,-1,-1,-1,-1,-1,-1,-100%
38325,Bug,Approved,1,2022-08-22,,,28004,18,-1,-1,-1,35,-1,-1,8,-1,-1,-1,1,-1,-1,-1,-1,-1,-1,-1,-1,-100%
38343,Bug,Approved,1,2022-08-23,,,39332,18,-1,-1,-1,35,-1,-1,8,-1,-1,-1,1,-1,-1,-1,-1,-1,-1,-1,-1,-100%
38345,Bug,Approved,1,2022-08-23,,,39332,18,-1,-1,-1,35,-1,-1,8,-1,-1,-1,1,-1,-1,-1,-1,-1,-1,-1,-1,-100%
38354,Bug,Done,0,2022-08-24,2022-08-29,2022-09-15,35622,18,18,20,2,35,36,38,8,8,9,2022,1,2,2,22,17,3,2,1,1,77%
38362,Bug,Done,0,2022-08-25,2022-09-05,2022-09-13,35626,18,19,19,14,35,37,38,8,9,9,2022,1,1,0,19,8,2,1,1,0,42%
38370,Story,Done,2,2022-08-25,2022-10-25,2022-10-28,39580,18,22,23,3,35,44,44,8,10,10,2022,1,5,1,64,3,9,0,2,0,5%
38380,Bug,Done,0,2022-08-26,2022-09-06,2022-09-07,35626,18,19,19,8,35,37,37,8,9,9,2022,1,1,0,12,1,1,0,0,0,8%
38400,Bug,Done,0,2022-08-29,2022-09-08,2022-09-09,35625,18,19,19,10,36,37,37,8,9,9,2022,1,1,0,11,1,1,0,0,0,9%
38425,Story,Done,0,2022-08-31,2022-08-31,2022-09-14,35630,19,19,20,1,36,36,38,8,8,9,2022,1,1,1,14,14,2,2,0,0,100%
38426,Story,Done,0,2022-08-31,2022-08-31,2022-09-14,35630,19,19,20,1,36,36,38,8,8,9,2022,1,1,1,14,14,2,2,0,0,100%
38428,Bug,Done,1,2022-08-31,2022-10-12,2022-10-18,35626,19,22,22,7,36,42,43,8,10,10,2022,1,3,0,48,6,6,0,2,0,13%
38434,Story,Done,0,2022-08-31,2022-08-31,2022-09-14,35623,19,19,20,1,36,36,38,8,8,9,2022,1,1,1,14,14,2,2,0,0,100%
38435,Story,Done,0,2022-08-31,2022-08-31,2022-09-14,35630,19,19,20,1,36,36,38,8,8,9,2022,1,1,1,14,14,2,2,0,0,100%
38436,Story,Done,0,2022-08-31,2022-08-31,2022-09-14,35623,19,19,20,1,36,36,38,8,8,9,2022,1,1,1,14,14,2,2,0,0,100%
38454,Bug,Done,1,2022-09-01,2022-09-02,2022-09-05,35626,19,19,19,6,36,36,37,9,9,9,2022,1,0,0,4,3,0,0,0,0,75%
38465,Bug,Done,0,2022-09-02,2022-09-08,2022-09-23,35625,19,19,20,10,36,37,39,9,9,9,2022,1,1,1,21,15,3,2,1,0,71%
38481,Bug,Done,0,2022-09-05,2022-09-14,2022-09-27,35623,19,20,20,14,37,38,40,9,9,9,2022,1,1,0,22,13,3,1,1,0,59%
38498,Bug,Done,0,2022-09-05,2022-09-14,2022-09-27,35623,19,20,20,14,37,38,40,9,9,9,2022,1,1,0,22,13,3,1,1,0,59%
38499,Bug,Approved,1,2022-09-05,,,28003,19,-1,-1,-1,37,-1,-1,9,-1,-1,-1,1,-1,-1,-1,-1,-1,-1,-1,-1,-100%
38500,Bug,Done,1,2022-09-05,2022-09-13,2022-09-16,35622,19,19,20,3,37,38,38,9,9,9,2022,1,1,1,11,3,1,0,0,0,27%
38532,Story,Done,6,2022-09-06,2022-09-14,2022-10-17,36662,19,20,22,6,37,38,43,9,9,10,2022,1,3,2,41,33,5,4,1,1,80%
38534,Bug,Done,0,2022-09-06,2022-09-06,2022-09-14,35623,19,19,20,1,37,37,38,9,9,9,2022,1,1,1,8,8,1,1,0,0,100%
38553,Bug,Done,0,2022-09-09,2022-09-09,2022-09-09,0,19,19,19,10,37,37,37,9,9,9,2022,0,0,0,0,0,0,0,0,0,-100%
38559,Story,Done,1,2022-09-09,2022-09-14,2022-09-22,39732,19,20,20,9,37,38,39,9,9,9,2022,1,1,0,13,8,1,1,0,0,62%
38574,Bug,Done,0,2022-09-12,2022-09-14,2022-09-23,35626,19,20,20,10,38,38,39,9,9,9,2022,1,1,0,11,9,1,1,0,0,82%
38587,Story,Done,2,2022-09-13,2022-09-15,2022-09-22,27004,19,20,20,9,38,38,39,9,9,9,2022,1,1,0,9,7,1,1,0,0,78%
38627,Story,Done,0,2022-09-14,2022-09-14,2022-09-28,35623,20,20,21,1,38,38,40,9,9,9,2022,1,1,1,14,14,2,2,0,0,100%
38628,Story,Done,0,2022-09-14,2022-09-14,2022-09-28,35630,20,20,21,1,38,38,40,9,9,9,2022,1,1,1,14,14,2,2,0,0,100%
38629,Story,Done,0,2022-09-14,2022-09-14,2022-09-28,35623,20,20,21,1,38,38,40,9,9,9,2022,1,1,1,14,14,2,2,0,0,100%
38630,Story,Done,5,2022-09-14,2023-06-28,2023-07-31,43358,20,-1,-1,-1,38,26,31,9,6,7,2023,1,-1,-1,320,33,45,4,11,1,10%
38633,Story,Done,0,2022-09-14,2022-09-14,2022-09-28,35630,20,20,21,1,38,38,40,9,9,9,2022,1,1,1,14,14,2,2,0,0,100%
38634,Story,Done,0,2022-09-14,2022-09-14,2022-09-28,35630,20,20,21,1,38,38,40,9,9,9,2022,1,1,1,14,14,2,2,0,0,100%
38638,Story,Done,5,2022-09-14,2023-06-28,2023-07-31,43358,20,-1,-1,-1,38,26,31,9,6,7,2023,1,-1,-1,320,33,45,4,11,1,10%
38641,Bug,Done,0,2022-09-14,2022-12-21,2023-01-09,12898,20,27,-1,-1,38,52,2,9,12,1,2023,1,-1,-1,117,19,16,2,4,1,16%
38642,Bug,Done,1,2022-09-14,2022-09-29,2022-10-17,35626,20,21,22,6,38,40,43,9,9,10,2022,1,2,1,33,18,4,2,1,1,55%
38645,Bug,Resolved,0,2022-09-14,2022-12-21,,12898,20,27,-1,-1,38,52,-1,9,12,-1,-1,1,-1,-1,-1,-1,-1,-1,-1,-1,-100%
38646,Bug,Done,2,2022-09-14,2023-06-28,2023-07-28,43358,20,-1,-1,-1,38,26,30,9,6,7,2023,1,-1,-1,317,30,45,4,10,1,9%
38663,Story,Done,8,2022-09-15,2023-06-21,2023-06-21,39449,20,-1,-1,-1,38,25,25,9,6,6,2023,1,-1,-1,279,0,39,0,9,0,-100%
38664,Story,Done,2,2022-09-15,2022-09-15,2022-09-21,38264,20,20,20,8,38,38,39,9,9,9,2022,1,0,0,6,6,0,0,0,0,100%
38665,Bug,Done,1,2022-09-15,2022-09-29,2022-10-11,35625,20,21,21,14,38,40,42,9,9,10,2022,1,1,0,26,12,3,1,1,0,46%
38666,Bug,Done,1,2022-09-15,2022-09-29,2022-10-18,35625,20,21,22,7,38,40,43,9,9,10,2022,1,2,1,33,19,4,2,1,1,58%
38667,Bug,Done,1,2022-09-15,2022-09-29,2022-10-19,35625,20,21,22,8,38,40,43,9,9,10,2022,1,2,1,34,20,4,2,1,1,59%
38669,Story,Done,2,2022-09-15,2022-09-19,2022-09-26,35970,20,20,20,13,38,39,40,9,9,9,2022,1,0,0,11,7,1,1,0,0,64%
38674,Story,Done,2,2022-09-15,2022-09-27,2022-09-30,38264,20,20,21,3,38,40,40,9,9,9,2022,1,1,1,15,3,2,0,0,0,20%
38675,Story,Done,1,2022-09-15,2022-09-27,2022-10-05,38264,20,20,21,8,38,40,41,9,9,10,2022,1,1,1,20,8,2,1,1,0,40%
38723,Bug,Done,0,2022-09-21,2022-09-21,2022-09-27,35623,20,20,20,14,39,39,40,9,9,9,2022,1,0,0,6,6,0,0,0,0,100%
38759,Story,Approved,0,2022-09-22,,,0,20,-1,-1,-1,39,-1,-1,9,-1,-1,-1,0,-1,-1,-1,-1,-1,-1,-1,-1,-100%
38761,Story,Done,1,2022-09-22,2022-09-27,2022-10-11,38264,20,20,21,14,39,40,42,9,9,10,2022,1,1,1,19,14,2,2,1,0,74%
38762,Story,Done,1,2022-09-22,2022-09-30,2022-09-30,38264,20,21,21,3,39,40,40,9,9,9,2022,1,1,0,8,0,1,0,0,0,-100%
38927,Bug,Done,1,2022-09-22,2022-09-29,2022-10-10,35629,20,21,21,13,39,40,42,9,9,10,2022,1,1,0,18,11,2,1,1,0,61%
38928,Story,Done,4,2022-09-22,2022-10-12,2022-10-19,39098,20,22,22,8,39,42,43,9,10,10,2022,1,2,0,27,7,3,1,1,0,26%
38930,Story,Done,1,2022-09-22,2022-09-27,2022-10-04,5221,20,20,21,7,39,40,41,9,9,10,2022,1,1,1,12,7,1,1,0,0,58%
39099,Story,Done,5,2022-09-22,2022-10-20,2022-10-24,39450,20,22,22,13,39,43,44,9,10,10,2022,1,2,0,32,4,4,0,1,0,13%
39101,Story,Done,2,2022-09-22,2022-09-22,2022-10-04,35623,20,20,21,7,39,39,41,9,9,10,2022,1,1,1,12,12,1,1,0,0,100%
39102,Bug,Done,0,2022-09-23,2022-09-23,2022-09-27,35625,20,20,20,14,39,39,40,9,9,9,2022,1,0,0,4,4,0,0,0,0,100%
39124,Story,Done,0,2022-09-23,2022-09-29,2022-10-11,35630,20,21,21,14,39,40,42,9,9,10,2022,1,1,0,18,12,2,1,1,0,67%
39125,Story,Done,0,2022-09-23,2022-09-29,2022-10-11,35630,20,21,21,14,39,40,42,9,9,10,2022,1,1,0,18,12,2,1,1,0,67%
39150,Bug,Done,1,2022-09-26,2022-09-28,2022-10-13,32953,20,21,22,2,40,40,42,9,9,10,2022,1,2,1,17,15,2,2,1,0,88%
39153,Bug,Done,0,2022-09-26,2022-12-19,2023-02-01,39338,20,26,-1,-1,40,52,5,9,12,2,2023,1,-1,-1,128,44,18,6,4,1,34%
39154,Bug,Done,1,2022-09-26,2022-09-28,2022-11-04,32953,20,21,23,10,40,40,45,9,9,11,2022,1,3,2,39,37,5,5,1,1,95%
39173,Bug,Done,1,2022-09-27,2022-09-28,2022-11-11,32953,20,21,24,3,40,40,46,9,9,11,2022,1,4,3,45,44,6,6,1,1,98%
39182,Bug,Done,0,2022-09-27,2022-09-27,2022-10-10,35626,20,20,21,13,40,40,42,9,9,10,2022,1,1,1,13,13,1,1,0,0,100%
39199,Story,Done,0,2022-09-28,,2022-10-12,35623,21,-1,22,1,40,-1,42,9,-1,10,2022,1,1,-1,14,-1,2,-1,0,-1,-100%
39200,Story,Done,0,2022-09-28,,2022-10-12,35630,21,-1,22,1,40,-1,42,9,-1,10,2022,1,1,-1,14,-1,2,-1,0,-1,-100%
39201,Story,Done,0,2022-09-28,,2022-10-12,35623,21,-1,22,1,40,-1,42,9,-1,10,2022,1,1,-1,14,-1,2,-1,0,-1,-100%
39254,Bug,Done,3,2022-09-28,2022-10-12,2022-11-14,32953,21,22,24,6,40,42,47,9,10,11,2022,1,3,2,47,33,6,4,2,1,70%
39258,Bug,Done,0,2022-09-29,2022-09-29,2022-10-09,35626,21,21,21,12,40,40,42,9,9,10,2022,1,0,0,10,10,1,1,0,0,100%
39309,Story,Done,5,2022-09-30,2022-11-09,2022-12-07,32953,21,24,26,1,40,46,50,9,11,12,2022,1,5,2,68,28,9,4,2,1,41%
39311,Bug,Done,0,2022-09-30,2022-10-04,2022-10-18,35623,21,21,22,7,40,41,43,9,10,10,2022,1,1,1,18,14,2,2,1,0,78%
39324,Bug,Done,1,2022-10-04,2022-10-04,2022-10-17,35625,21,21,22,6,41,41,43,10,10,10,2022,1,1,1,13,13,1,1,0,0,100%
39331,Bug,Done,0,2022-10-05,2022-10-05,2022-10-10,35623,21,21,21,13,41,41,42,10,10,10,2022,1,0,0,5,5,0,0,0,0,100%
39343,Bug,Done,1,2022-10-05,2022-10-12,2022-10-21,39580,21,22,22,10,41,42,43,10,10,10,2022,1,1,0,16,9,2,1,1,0,56%
39364,Bug,Done,1,2022-10-08,2022-10-12,2022-10-18,35623,21,22,22,7,41,42,43,10,10,10,2022,1,1,0,10,6,1,0,0,0,60%
39432,Story,Done,1,2022-10-11,2022-10-12,2022-10-27,39580,21,22,23,2,42,42,44,10,10,10,2022,1,2,1,16,15,2,2,1,0,94%
39437,Story,Done,3,2022-10-11,2022-10-27,2022-11-21,39582,21,23,24,13,42,44,48,10,10,11,2022,1,3,1,41,25,5,3,1,1,61%
39441,Story,Done,2,2022-10-11,2022-10-28,2022-11-08,39340,21,23,23,14,42,44,46,10,10,11,2022,1,2,0,28,11,4,1,1,0,39%
39447,Story,Done,0,2022-10-11,2022-10-12,2022-10-26,39340,21,22,23,1,42,42,44,10,10,10,2022,1,2,1,15,14,2,2,0,0,93%
39448,Story,Done,0,2022-10-11,2022-10-12,2022-10-26,39340,21,22,23,1,42,42,44,10,10,10,2022,1,2,1,15,14,2,2,0,0,93%
39472,Story,Done,0,2022-10-12,2022-10-12,2022-10-26,39338,22,22,23,1,42,42,44,10,10,10,2022,1,1,1,14,14,2,2,0,0,100%
39473,Story,Done,0,2022-10-12,2022-10-12,2022-10-24,39338,22,22,22,13,42,42,44,10,10,10,2022,1,0,0,12,12,1,1,0,0,100%
39474,Story,Done,0,2022-10-12,2022-10-12,2022-10-25,39340,22,22,22,14,42,42,44,10,10,10,2022,1,0,0,13,13,1,1,0,0,100%
39490,Story,Done,4,2022-10-12,2022-10-12,2022-11-18,32953,22,22,24,10,42,42,47,10,10,11,2022,1,2,2,37,37,5,5,1,1,100%
39499,Bug,Done,0,2022-10-12,,2022-10-14,35623,22,-1,22,3,42,-1,42,10,-1,10,2022,1,0,-1,2,-1,0,-1,0,-1,-100%
39541,Story,Done,5,2022-10-13,2022-10-31,2022-12-07,36587,22,23,26,1,42,45,50,10,10,12,2022,1,4,3,55,37,7,5,2,1,67%
39545,Story,Done,13,2022-10-13,2022-10-31,2022-12-07,36587,22,23,26,1,42,45,50,10,10,12,2022,1,4,3,55,37,7,5,2,1,67%
39548,Story,Done,8,2022-10-13,2022-11-09,2022-12-13,36587,22,24,26,7,42,46,51,10,11,12,2022,1,4,2,61,34,8,4,2,1,56%
39549,Story,Done,4,2022-10-13,2022-12-08,2022-12-19,36587,22,26,26,13,42,50,52,10,12,12,2022,1,4,0,67,11,9,1,2,0,16%
39568,Bug,Approved,1,2022-10-13,,,28003,22,-1,-1,-1,42,-1,-1,10,-1,-1,-1,1,-1,-1,-1,-1,-1,-1,-1,-1,-100%
39577,Bug,Done,0,2022-10-14,2022-10-14,2022-10-19,35623,22,22,22,8,42,42,43,10,10,10,2022,1,0,0,5,5,0,0,0,0,100%
39581,Bug,Done,0,2022-10-14,2022-10-14,2022-10-19,35625,22,22,22,8,42,42,43,10,10,10,2022,1,0,0,5,5,0,0,0,0,100%
39583,Bug,Done,0,2022-10-14,2022-10-27,2022-10-28,39335,22,23,23,3,42,44,44,10,10,10,2022,1,1,0,14,1,2,0,0,0,7%
39585,Story,Done,2,2022-10-14,2022-11-08,2022-11-17,5208,22,23,24,9,42,46,47,10,11,11,2022,1,2,1,34,9,4,1,1,0,26%
39586,Story,Done,2,2022-10-14,2022-11-22,2022-12-05,9823,22,24,25,13,42,48,50,10,11,12,2022,1,3,1,52,13,7,1,2,0,25%
39606,Bug,Approved,1,2022-10-17,,,39332,22,-1,-1,-1,43,-1,-1,10,-1,-1,-1,1,-1,-1,-1,-1,-1,-1,-1,-1,-100%
39627,Bug,Done,0,2022-10-17,2022-10-17,2022-10-19,35625,22,22,22,8,43,43,43,10,10,10,2022,1,0,0,2,2,0,0,0,0,100%
39639,Bug,Done,0,2022-10-18,2022-10-18,2022-10-19,35623,22,22,22,8,43,43,43,10,10,10,2022,1,0,0,1,1,0,0,0,0,100%
39641,Bug,Done,1,2022-10-18,2022-10-18,2022-11-08,39332,22,22,23,14,43,43,46,10,10,11,2022,1,1,1,21,21,3,3,1,1,100%
39644,Bug,Done,1,2022-10-18,2022-10-18,2022-10-19,35625,22,22,22,8,43,43,43,10,10,10,2022,1,0,0,1,1,0,0,0,0,100%
39645,Bug,Done,1,2022-10-18,2022-10-18,2022-10-19,35623,22,22,22,8,43,43,43,10,10,10,2022,1,0,0,1,1,0,0,0,0,100%
39648,Bug,Done,0,2022-10-18,2022-10-18,2022-10-19,35625,22,22,22,8,43,43,43,10,10,10,2022,1,0,0,1,1,0,0,0,0,100%
39685,Bug,Approved,1,2022-10-19,,,39338,22,-1,-1,-1,43,-1,-1,10,-1,-1,-1,1,-1,-1,-1,-1,-1,-1,-1,-1,-100%
39686,Bug,Done,1,2022-10-19,,2022-10-20,35628,22,-1,22,9,43,-1,43,10,-1,10,2022,1,0,-1,1,-1,0,-1,0,-1,-100%
39691,Bug,Done,1,2022-10-20,2022-10-26,2022-11-09,39338,22,23,24,1,43,44,46,10,10,11,2022,1,2,1,20,14,2,2,1,0,70%
39695,Story,Approved,2,2022-10-20,,,39696,22,-1,-1,-1,43,-1,-1,10,-1,-1,-1,1,-1,-1,-1,-1,-1,-1,-1,-1,-100%
39697,Bug,Done,1,2022-10-20,2022-10-21,2022-10-21,35623,22,22,22,10,43,43,43,10,10,10,2022,1,0,0,1,0,0,0,0,0,-100%
39709,Story,Committed,2,2022-10-21,2022-12-07,,32953,22,26,-1,-1,43,50,-1,10,12,-1,-1,1,-1,-1,-1,-1,-1,-1,-1,-1,-100%
39712,Bug,Approved,1,2022-10-21,,,28003,22,-1,-1,-1,43,-1,-1,10,-1,-1,-1,1,-1,-1,-1,-1,-1,-1,-1,-1,-100%
39713,Bug,Approved,1,2022-10-21,,,39338,22,-1,-1,-1,43,-1,-1,10,-1,-1,-1,1,-1,-1,-1,-1,-1,-1,-1,-1,-100%
39714,Bug,Done,2,2022-10-24,2022-10-24,2022-11-08,39338,22,22,23,14,44,44,46,10,10,11,2022,1,1,1,15,15,2,2,0,0,100%
39720,Bug,Approved,1,2022-10-24,,,39332,22,-1,-1,-1,44,-1,-1,10,-1,-1,-1,1,-1,-1,-1,-1,-1,-1,-1,-1,-100%
39727,Story,Done,3,2022-10-25,2022-10-26,2022-11-21,39582,22,23,24,13,44,44,48,10,10,11,2022,1,2,1,27,26,3,3,1,1,96%
39729,Story,Done,0,2022-10-25,2022-10-26,2022-11-09,39340,22,23,24,1,44,44,46,10,10,11,2022,1,2,1,15,14,2,2,0,0,93%
39730,Story,Done,0,2022-10-25,2022-10-26,2022-11-09,39338,22,23,24,1,44,44,46,10,10,11,2022,1,2,1,15,14,2,2,0,0,93%
39731,Story,Done,0,2022-10-25,2022-10-26,2022-11-09,39338,22,23,24,1,44,44,46,10,10,11,2022,1,2,1,15,14,2,2,0,0,93%
39736,Bug,Done,1,2022-10-26,2022-10-26,2022-11-09,39338,23,23,24,1,44,44,46,10,10,11,2022,1,1,1,14,14,2,2,0,0,100%
39737,Story,Done,0,2022-10-26,2022-10-26,2022-11-08,39340,23,23,23,14,44,44,46,10,10,11,2022,1,0,0,13,13,1,1,0,0,100%
39739,Story,Done,0,2022-10-26,2022-10-26,2022-11-08,39340,23,23,23,14,44,44,46,10,10,11,2022,1,0,0,13,13,1,1,0,0,100%
39741,Bug,Done,1,2022-10-26,2022-10-26,2022-11-09,39338,23,23,24,1,44,44,46,10,10,11,2022,1,1,1,14,14,2,2,0,0,100%
39794,Story,Approved,2,2022-10-27,,,31059,23,-1,-1,-1,44,-1,-1,10,-1,-1,-1,1,-1,-1,-1,-1,-1,-1,-1,-1,-100%
39799,Bug,Resolved,1,2022-10-28,2022-12-07,,39338,23,26,-1,-1,44,50,-1,10,12,-1,-1,1,-1,-1,-1,-1,-1,-1,-1,-1,-100%
39804,Story,Done,3,2022-10-28,2023-06-28,2023-07-31,43358,23,-1,-1,-1,44,26,31,10,6,7,2023,1,-1,-1,276,33,39,4,9,1,12%
39805,Story,Done,3,2022-10-28,2023-06-28,2023-07-31,43358,23,-1,-1,-1,44,26,31,10,6,7,2023,1,-1,-1,276,33,39,4,9,1,12%
39807,Bug,Done,0,2022-10-28,2022-10-28,2022-11-07,39335,23,23,23,13,44,44,46,10,10,11,2022,1,0,0,10,10,1,1,0,0,100%
39830,Bug,Done,0,2022-10-31,2022-10-31,2022-11-09,39338,23,23,24,1,45,45,46,10,10,11,2022,1,1,1,9,9,1,1,0,0,100%
39832,Bug,Done,0,2022-10-31,2022-10-31,2022-11-01,39338,23,23,23,7,45,45,45,10,10,11,2022,1,0,0,1,1,0,0,0,0,100%
39852,Bug,Done,1,2022-11-01,2022-11-09,2022-12-05,39335,23,24,25,13,45,46,50,11,11,12,2022,1,2,1,34,26,4,3,1,1,76%
39857,Bug,Done,1,2022-11-02,,2022-11-04,0,23,-1,23,10,45,-1,45,11,-1,11,2022,0,0,-1,2,-1,0,-1,0,-1,-100%
39858,Bug,Done,0,2022-11-02,2022-11-02,2022-11-04,39337,23,23,23,10,45,45,45,11,11,11,2022,1,0,0,2,2,0,0,0,0,100%
39866,Bug,Done,0,2022-11-02,2022-11-04,2022-11-04,39335,23,23,23,10,45,45,45,11,11,11,2022,1,0,0,2,0,0,0,0,0,-100%
39889,Story,Done,8,2022-11-04,2022-12-07,2023-01-23,39582,23,26,-1,-1,45,50,4,11,12,1,2023,1,-1,-1,80,47,11,6,3,2,59%
39894,Bug,Done,1,2022-11-04,2022-11-09,2022-11-22,32953,23,24,24,14,45,46,48,11,11,11,2022,1,1,0,18,13,2,1,1,0,72%
39916,Bug,Done,1,2022-11-07,2022-11-09,2022-11-17,39335,23,24,24,9,46,46,47,11,11,11,2022,1,1,0,10,8,1,1,0,0,80%
39917,Bug,Done,1,2022-11-07,2022-11-09,2022-11-15,39335,23,24,24,7,46,46,47,11,11,11,2022,1,1,0,8,6,1,0,0,0,75%
39918,Bug,Done,2,2022-11-07,2022-11-09,2022-12-05,39335,23,24,25,13,46,46,50,11,11,12,2022,1,2,1,28,26,4,3,1,1,93%
39919,Bug,Done,0,2022-11-07,2022-11-07,2022-11-07,39336,23,23,23,13,46,46,46,11,11,11,2022,1,0,0,0,0,0,0,0,0,-100%
39920,Bug,Done,2,2022-11-07,2022-11-09,2022-12-05,39335,23,24,25,13,46,46,50,11,11,12,2022,1,2,1,28,26,4,3,1,1,93%
39922,Story,Done,4,2022-11-07,2022-12-07,2022-12-13,39582,23,26,26,7,46,50,51,11,12,12,2022,1,3,0,36,6,5,0,1,0,17%
39925,Story,Done,2,2022-11-08,2022-11-30,2022-12-09,36587,23,25,26,3,46,49,50,11,11,12,2022,1,3,1,31,9,4,1,1,0,29%
39926,Story,Done,0,2022-11-08,2022-12-15,2022-12-19,36587,23,26,26,13,46,51,52,11,12,12,2022,1,3,0,41,4,5,0,1,0,10%
39927,Story,Done,2,2022-11-08,2022-11-18,2022-11-22,36587,23,24,24,14,46,47,48,11,11,11,2022,1,1,0,14,4,2,0,0,0,29%
39928,Story,Done,2,2022-11-08,2022-12-19,2023-01-23,36587,23,26,-1,-1,46,52,4,11,12,1,2023,1,-1,-1,76,35,10,5,2,1,46%
39931,Bug,Done,0,2022-11-08,2023-06-28,2023-08-02,43358,23,-1,-1,-1,46,26,31,11,6,8,2023,1,-1,-1,267,35,38,5,9,1,13%
39936,Story,Done,0,2022-11-08,2022-11-08,2022-11-22,39340,23,23,24,14,46,46,48,11,11,11,2022,1,1,1,14,14,2,2,0,0,100%
39937,Story,Done,0,2022-11-08,2022-11-08,2022-11-22,39340,23,23,24,14,46,46,48,11,11,11,2022,1,1,1,14,14,2,2,0,0,100%
39960,Story,Done,0,2022-11-09,2022-11-21,2022-11-23,39338,24,24,25,1,46,48,48,11,11,11,2022,1,1,1,14,2,2,0,0,0,14%
39961,Story,Done,0,2022-11-09,2022-11-09,2022-11-23,39338,24,24,25,1,46,46,48,11,11,11,2022,1,1,1,14,14,2,2,0,0,100%
39962,Story,Done,0,2022-11-09,2022-11-21,2022-11-23,39340,24,24,25,1,46,48,48,11,11,11,2022,1,1,1,14,2,2,0,0,0,14%
40022,Story,Done,0,2022-11-10,2022-11-30,2022-11-30,40021,24,25,25,8,46,49,49,11,11,11,2022,1,1,0,20,0,2,0,1,0,-100%
40051,Story,Done,0,2022-11-10,2022-11-10,2023-01-11,40040,24,24,-1,-1,46,46,2,11,11,1,2023,1,-1,-1,62,62,8,8,2,2,100%
40052,Story,Done,0,2022-11-10,2022-11-10,2022-11-10,40021,24,24,24,2,46,46,46,11,11,11,2022,1,0,0,0,0,0,0,0,0,-100%
40053,Bug,Done,1,2022-11-10,2022-11-22,2022-11-24,39335,24,24,25,2,46,48,48,11,11,11,2022,1,1,1,14,2,2,0,0,0,14%
40056,Bug,Done,1,2022-11-10,2022-11-22,2022-11-24,39335,24,24,25,2,46,48,48,11,11,11,2022,1,1,1,14,2,2,0,0,0,14%
40060,Story,Done,1,2022-11-11,2023-06-21,2023-07-31,41677,24,-1,-1,-1,46,25,31,11,6,7,2023,1,-1,-1,262,40,37,5,9,1,15%
40061,Bug,Committed,1,2022-11-11,2022-11-22,,32953,24,24,-1,-1,46,48,-1,11,11,-1,-1,1,-1,-1,-1,-1,-1,-1,-1,-1,-100%
40064,Story,Done,1,2022-11-11,2022-11-22,2022-11-23,5212,24,24,25,1,46,48,48,11,11,11,2022,1,1,1,12,1,1,0,0,0,8%
40070,Bug,Done,1,2022-11-14,,2022-11-22,32953,24,-1,24,14,47,-1,48,11,-1,11,2022,1,0,-1,8,-1,1,-1,0,-1,-100%
40072,Story,Done,8,2022-11-14,2022-11-22,2022-12-07,39501,24,24,26,1,47,48,50,11,11,12,2022,1,2,2,23,15,3,2,1,0,65%
40094,Story,Done,4,2022-11-16,2022-12-08,2022-12-21,36587,24,26,27,1,47,50,52,11,12,12,2022,1,3,1,35,13,5,1,1,0,37%
40095,Story,Done,4,2022-11-16,2022-11-17,2022-12-13,36587,24,24,26,7,47,47,51,11,11,12,2022,1,2,2,27,26,3,3,1,1,96%
40096,Story,Done,4,2022-11-16,2022-12-13,2023-01-23,36587,24,26,-1,-1,47,51,4,11,12,1,2023,1,-1,-1,68,41,9,5,2,1,60%
40097,Story,Done,2,2022-11-16,2022-12-13,2022-12-20,36587,24,26,26,14,47,51,52,11,12,12,2022,1,2,0,34,7,4,1,1,0,21%
40098,Story,Done,3,2022-11-16,2022-11-17,2022-12-13,36587,24,24,26,7,47,47,51,11,11,12,2022,1,2,2,27,26,3,3,1,1,96%
40099,Story,Done,1,2022-11-16,2022-12-23,2023-01-23,36587,24,27,-1,-1,47,52,4,11,12,1,2023,1,-1,-1,68,31,9,4,2,1,46%
40103,Story,Done,4,2022-11-16,2022-11-17,2022-12-13,36587,24,24,26,7,47,47,51,11,11,12,2022,1,2,2,27,26,3,3,1,1,96%
40132,Bug,Done,0,2022-11-16,2022-11-16,2022-11-22,39338,24,24,24,14,47,47,48,11,11,11,2022,1,0,0,6,6,0,0,0,0,100%
40143,Bug,Resolved,1,2022-11-17,2022-11-22,,39338,24,24,-1,-1,47,48,-1,11,11,-1,-1,1,-1,-1,-1,-1,-1,-1,-1,-1,-100%
40150,Story,Done,0,2022-11-17,2022-11-25,2022-11-28,33128,24,25,25,6,47,48,49,11,11,11,2022,1,1,0,11,3,1,0,0,0,27%
40163,Bug,Done,1,2022-11-18,,2022-11-30,39338,24,-1,25,8,47,-1,49,11,-1,11,2022,1,1,-1,12,-1,1,-1,0,-1,-100%
40169,Bug,Done,1,2022-11-18,,2022-12-23,28003,24,-1,27,3,47,-1,52,11,-1,12,2022,1,3,-1,35,-1,5,-1,1,-1,-100%
40190,Bug,Done,1,2022-11-21,2022-11-22,2022-12-06,39335,24,24,25,14,48,48,50,11,11,12,2022,1,1,1,15,14,2,2,0,0,93%
40198,Story,Done,0,2022-11-21,2022-11-22,2022-12-06,39340,24,24,25,14,48,48,50,11,11,12,2022,1,1,1,15,14,2,2,0,0,93%
40199,Story,Done,0,2022-11-21,2022-11-22,2022-12-06,39340,24,24,25,14,48,48,50,11,11,12,2022,1,1,1,15,14,2,2,0,0,93%
40201,Bug,Done,1,2022-11-22,2022-12-13,2022-12-14,39339,24,26,26,8,48,51,51,11,12,12,2022,1,2,0,22,1,3,0,1,0,5%
40206,Bug,Done,0,2022-11-22,2022-11-22,2022-11-23,0,24,24,25,1,48,48,48,11,11,11,2022,0,1,1,1,1,0,0,0,0,100%
40208,Bug,Done,0,2022-11-22,2022-11-22,2022-11-23,0,24,24,25,1,48,48,48,11,11,11,2022,0,1,1,1,1,0,0,0,0,100%
40210,Story,Done,0,2022-11-22,2023-08-22,2023-09-14,41677,24,-1,-1,-1,48,34,37,11,8,9,2023,1,-1,-1,296,23,42,3,10,1,8%
40216,Story,Done,2,2022-11-23,2023-06-28,2023-07-17,43358,25,-1,-1,-1,48,26,29,11,6,7,2023,1,-1,-1,236,19,33,2,8,1,8%
40224,Bug,Resolved,0,2022-11-23,2022-12-19,,39338,25,26,-1,-1,48,52,-1,11,12,-1,-1,1,-1,-1,-1,-1,-1,-1,-1,-1,-100%
40237,Story,Done,0,2022-11-23,2022-11-23,2022-12-07,39338,25,25,26,1,48,48,50,11,11,12,2022,1,1,1,14,14,2,2,0,0,100%
40238,Story,Done,0,2022-11-23,2022-11-23,2022-12-07,39338,25,25,26,1,48,48,50,11,11,12,2022,1,1,1,14,14,2,2,0,0,100%
40239,Story,Done,0,2022-11-23,2022-11-23,2022-12-07,39340,25,25,26,1,48,48,50,11,11,12,2022,1,1,1,14,14,2,2,0,0,100%
40273,Bug,Approved,1,2022-11-23,,,28003,25,-1,-1,-1,48,-1,-1,11,-1,-1,-1,1,-1,-1,-1,-1,-1,-1,-1,-1,-100%
40290,Bug,Done,1,2022-11-24,,2022-11-28,0,25,-1,25,6,48,-1,49,11,-1,11,2022,0,0,-1,4,-1,0,-1,0,-1,-100%
40313,Bug,Done,0,2022-11-24,2022-12-21,2022-12-29,39336,25,27,27,9,48,52,53,11,12,12,2022,1,2,0,35,8,5,1,1,0,23%
40314,Bug,Resolved,0,2022-11-25,2022-12-07,,39338,25,26,-1,-1,48,50,-1,11,12,-1,-1,1,-1,-1,-1,-1,-1,-1,-1,-1,-100%
40317,Bug,Done,1,2022-11-25,2022-12-07,2022-12-15,39337,25,26,26,9,48,50,51,11,12,12,2022,1,1,0,20,8,2,1,1,0,40%
40326,Story,Done,0,2022-11-28,2022-11-29,2022-11-29,39450,25,25,25,7,49,49,49,11,11,11,2022,1,0,0,1,0,0,0,0,0,-100%
40327,Story,Approved,3,2022-11-28,,,40325,25,-1,-1,-1,49,-1,-1,11,-1,-1,-1,1,-1,-1,-1,-1,-1,-1,-1,-1,-100%
40328,Story,Approved,2,2022-11-28,,,40325,25,-1,-1,-1,49,-1,-1,11,-1,-1,-1,1,-1,-1,-1,-1,-1,-1,-1,-1,-100%
40331,Story,Done,0,2022-11-28,2022-11-29,2022-12-06,0,25,25,25,14,49,49,50,11,11,12,2022,0,0,0,8,7,1,1,0,0,88%
40336,Story,Work Done,0,2022-11-29,2022-11-30,,39501,25,25,-1,-1,49,49,-1,11,11,-1,-1,1,-1,-1,-1,-1,-1,-1,-1,-1,-100%
40351,Bug,Done,0,2022-11-30,,2022-12-20,0,25,-1,26,14,49,-1,52,11,-1,12,2022,0,1,-1,20,-1,2,-1,1,-1,-100%
40358,Bug,Done,1,2022-12-01,2022-12-01,2022-12-02,39333,25,25,25,10,49,49,49,12,12,12,2022,1,0,0,1,1,0,0,0,0,100%
40404,Bug,Done,0,2022-12-05,2022-12-07,2022-12-23,39340,25,26,27,3,50,50,52,12,12,12,2022,1,2,1,18,16,2,2,1,1,89%
40405,Bug,Resolved,0,2022-12-05,2022-12-07,,39338,25,26,-1,-1,50,50,-1,12,12,-1,-1,1,-1,-1,-1,-1,-1,-1,-1,-1,-100%
40412,Bug,Done,1,2022-12-05,,2022-12-19,39332,25,-1,26,13,50,-1,52,12,-1,12,2022,1,1,-1,14,-1,2,-1,0,-1,-100%
40423,Bug,Resolved,0,2022-12-06,2022-12-07,,39338,25,26,-1,-1,50,50,-1,12,12,-1,-1,1,-1,-1,-1,-1,-1,-1,-1,-1,-100%
40432,Story,Done,0,2022-12-06,2024-01-24,2024-10-02,40362,25,-1,-1,-1,50,4,40,12,1,10,2024,1,-1,-1,666,252,95,36,22,8,38%
40433,Story,Done,0,2022-12-06,2022-12-14,2022-12-21,39340,25,26,27,1,50,51,52,12,12,12,2022,1,2,1,15,7,2,1,0,0,47%
40434,Story,Done,0,2022-12-06,2022-12-14,2022-12-21,39340,25,26,27,1,50,51,52,12,12,12,2022,1,2,1,15,7,2,1,0,0,47%
40436,Bug,Done,0,2022-12-07,2022-12-07,2022-12-08,39338,26,26,26,2,50,50,50,12,12,12,2022,1,0,0,1,1,0,0,0,0,100%
40447,Story,Committed,0,2022-12-07,2022-12-12,,39338,26,26,-1,-1,50,51,-1,12,12,-1,-1,1,-1,-1,-1,-1,-1,-1,-1,-1,-100%
40448,Story,Committed,0,2022-12-07,2022-12-12,,39338,26,26,-1,-1,50,51,-1,12,12,-1,-1,1,-1,-1,-1,-1,-1,-1,-1,-1,-100%
40449,Story,Done,0,2022-12-07,2022-12-12,2023-01-11,39340,26,26,-1,-1,50,51,2,12,12,1,2023,1,-1,-1,35,30,5,4,1,1,86%
40452,Bug,Committed,1,2022-12-07,2022-12-07,,32953,26,26,-1,-1,50,50,-1,12,12,-1,-1,1,-1,-1,-1,-1,-1,-1,-1,-1,-100%
40478,Bug,Done,0,2022-12-07,2022-12-07,2022-12-15,39338,26,26,26,9,50,50,51,12,12,12,2022,1,0,0,8,8,1,1,0,0,100%
40479,Bug,Done,0,2022-12-07,2022-12-07,2022-12-15,39338,26,26,26,9,50,50,51,12,12,12,2022,1,0,0,8,8,1,1,0,0,100%
40482,Bug,Approved,0,2022-12-07,,,39332,26,-1,-1,-1,50,-1,-1,12,-1,-1,-1,1,-1,-1,-1,-1,-1,-1,-1,-1,-100%
40552,Story,Done,1,2022-12-09,2022-12-09,2022-12-16,32548,26,26,26,10,50,50,51,12,12,12,2022,1,0,0,7,7,1,1,0,0,100%
40563,Story,Work Done,5,2022-12-12,2022-12-12,,39338,26,26,-1,-1,51,51,-1,12,12,-1,-1,1,-1,-1,-1,-1,-1,-1,-1,-1,-100%
40570,Bug,Done,0,2022-12-12,2022-12-12,2022-12-29,39335,26,26,27,9,51,51,53,12,12,12,2022,1,1,1,17,17,2,2,1,1,100%
40588,Bug,Approved,1,2022-12-12,,,39332,26,-1,-1,-1,51,-1,-1,12,-1,-1,-1,1,-1,-1,-1,-1,-1,-1,-1,-1,-100%
40618,Bug,Done,0,2022-12-13,2022-12-13,2022-12-15,40620,26,26,26,9,51,51,51,12,12,12,2022,1,0,0,2,2,0,0,0,0,100%
40621,Story,Done,0,2022-12-13,2022-12-13,2022-12-15,40620,26,26,26,9,51,51,51,12,12,12,2022,1,0,0,2,2,0,0,0,0,100%
40633,Bug,Done,1,2022-12-14,2022-12-15,2022-12-23,39338,26,26,27,3,51,51,52,12,12,12,2022,1,1,1,9,8,1,1,0,0,89%
40643,Bug,Resolved,0,2022-12-14,2022-12-21,,39337,26,27,-1,-1,51,52,-1,12,12,-1,-1,1,-1,-1,-1,-1,-1,-1,-1,-1,-100%
40654,Story,Done,0,2022-12-15,2022-12-15,2022-12-19,5208,26,26,26,13,51,51,52,12,12,12,2022,1,0,0,4,4,0,0,0,0,100%
40658,Bug,Done,1,2022-12-16,2022-12-16,2022-12-22,32953,26,26,27,2,51,51,52,12,12,12,2022,1,1,1,6,6,0,0,0,0,100%
40659,Bug,Done,1,2022-12-16,2022-12-16,2022-12-23,32953,26,26,27,3,51,51,52,12,12,12,2022,1,1,1,7,7,1,1,0,0,100%
40702,Bug,Approved,0,2022-12-20,,,39332,26,-1,-1,-1,52,-1,-1,12,-1,-1,-1,1,-1,-1,-1,-1,-1,-1,-1,-1,-100%
40705,Bug,Done,0,2022-12-20,,2022-12-22,32953,26,-1,27,2,52,-1,52,12,-1,12,2022,1,1,-1,2,-1,0,-1,0,-1,-100%
40717,Bug,Done,0,2022-12-20,2022-12-21,2023-01-12,39336,26,27,-1,-1,52,52,2,12,12,1,2023,1,-1,-1,23,22,3,3,1,1,96%
40718,Bug,Committed,0,2022-12-20,2022-12-20,,0,26,26,-1,-1,52,52,-1,12,12,-1,-1,0,-1,-1,-1,-1,-1,-1,-1,-1,-100%
40722,Story,Done,0,2022-12-21,2022-12-21,2023-01-10,39340,27,27,-1,-1,52,52,2,12,12,1,2023,1,-1,-1,20,20,2,2,1,1,100%
40723,Story,Done,0,2022-12-21,2023-01-13,2023-01-13,39340,27,-1,-1,-1,52,2,2,12,1,1,2023,1,-1,-1,23,0,3,0,1,0,-100%
40741,Bug,Approved,0,2022-12-22,,,32953,27,-1,-1,-1,52,-1,-1,12,-1,-1,-1,1,-1,-1,-1,-1,-1,-1,-1,-1,-100%
40754,Bug,Done,0,2022-12-27,2022-12-28,2022-12-28,39338,27,27,27,8,53,53,53,12,12,12,2022,1,0,0,1,0,0,0,0,0,-100%
40764,Bug,Approved,0,2022-12-29,,,32953,27,-1,-1,-1,53,-1,-1,12,-1,-1,-1,1,-1,-1,-1,-1,-1,-1,-1,-1,-100%
40766,Bug,Approved,0,2022-12-29,,,32953,27,-1,-1,-1,53,-1,-1,12,-1,-1,-1,1,-1,-1,-1,-1,-1,-1,-1,-1,-100%
40768,Bug,Resolved,0,2022-12-29,2022-12-29,,39338,27,27,-1,-1,53,53,-1,12,12,-1,-1,1,-1,-1,-1,-1,-1,-1,-1,-1,-100%
40769,Bug,Done,0,2022-12-29,2022-12-29,2022-12-30,39339,27,27,27,10,53,53,53,12,12,12,2022,1,0,0,1,1,0,0,0,0,100%
